,"Scalar B, nT","SW Plasma Temperature, K","SW Proton Density, N/cm^3","SW Plasma Speed, km/s",Alpha/Prot. ratio,Flow pressure,Kp index,R (Sunspot No.),"Dst-index, nT",f10.7_index
1964-10-01,,,,447.0,,,20,25.0,-11,72.0
1964-10-02,,,,405.0,,,10,18.0,-6,71.6
1964-10-03,,,,390.0,,,20,0.0,-1,71.8
1964-10-04,,,,722.0,,,40,0.0,-7,70.8
1964-10-05,,,,711.0,,,33,0.0,-12,71.6
1964-10-06,,,,679.0,,,27,21.0,-5,72.6
1964-10-07,,,,543.0,,,27,29.0,-14,74.0
1964-10-08,,,,503.0,,,30,24.0,-10,76.8
1964-10-09,,,,490.0,,,27,17.0,-13,72.9
1964-10-10,,,,446.0,,,10,0.0,-9,72.7
1964-10-11,,,,386.0,,,7,0.0,1,71.5
1964-10-12,,,,,,,27,0.0,-15,69.7
1964-10-13,,,,417.0,,,20,0.0,-11,71.9
1964-10-14,,,,416.0,,,17,0.0,-6,70.3
1964-10-15,,,,380.0,,,17,0.0,-4,70.2
1964-10-16,,,,505.0,,,10,0.0,1,70.5
1964-10-17,,,,343.0,,,17,0.0,1,70.4
1964-10-18,,,,424.0,,,27,18.0,3,71.8
1964-10-19,,,,574.0,,,40,17.0,-9,72.2
1964-10-20,,,,608.0,,,27,15.0,-8,71.9
1964-10-21,,,,538.0,,,30,0.0,-10,70.3
1964-10-22,,,,494.0,,,10,0.0,-8,71.8
1964-10-23,,,,412.0,,,0,0.0,-2,72.3
1964-10-24,,,,368.0,,,10,11.0,7,73.0
1964-10-25,,,,402.0,,,10,12.0,1,75.4
1964-10-26,,,,463.0,,,27,11.0,-12,75.4
1964-10-27,,,,419.0,,,17,14.0,-14,74.9
1964-10-28,,,,382.0,,,13,0.0,-4,73.5
1964-10-29,,,,,,,17,14.0,-9,73.2
1964-10-30,,,,345.0,,,7,24.0,-6,73.2
1964-10-31,,,,324.0,,,3,14.0,0,74.0
1964-11-01,,,,414.0,,,27,14.0,6,73.6
1964-11-02,,,,,,,23,12.0,-13,73.3
1964-11-03,,,,,,,10,12.0,-10,72.7
1964-11-04,,,,436.0,,,17,0.0,-3,72.1
1964-11-05,,,,434.0,,,20,0.0,-6,71.6
1964-11-06,,,,,,,10,11.0,-3,72.6
1964-11-07,,,,398.0,,,3,11.0,4,71.5
1964-11-08,,,,423.0,,,20,11.0,9,71.1
1964-11-09,,,,504.0,,,33,0.0,-7,70.4
1964-11-10,,,,464.0,,,20,0.0,-4,70.1
1964-11-11,,,,472.0,,,13,0.0,6,70.2
1964-11-12,,,,442.0,,,20,14.0,-1,70.7
1964-11-13,,,,406.0,,,10,11.0,-5,70.7
1964-11-14,,,,,,,0,25.0,0,71.1
1964-11-15,,,,530.0,,,23,12.0,7,70.6
1964-11-16,,,,520.0,,,23,24.0,-8,70.3
1964-11-17,,,,455.0,,,13,22.0,-1,73.7
1964-11-18,,,,519.0,,,13,28.0,4,73.3
1964-11-19,,,,,,,7,18.0,3,73.1
1964-11-20,,,,390.0,,,7,28.0,7,74.0
1964-11-21,,,,348.0,,,7,31.0,14,72.0
1964-11-22,,,,393.0,,,17,12.0,12,71.5
1964-11-23,,,,,,,33,0.0,-18,69.9
1964-11-24,,,,,,,7,12.0,-9,69.3
1964-11-25,,,,335.0,,,3,14.0,8,69.5
1964-11-26,,,,337.0,,,23,0.0,-5,68.1
1964-11-27,,,,,,,10,0.0,-1,69.6
1964-11-28,,,,554.0,,,23,11.0,0,68.8
1964-11-29,,,,436.0,,,7,0.0,5,71.0
1964-11-30,,,,488.0,,,20,0.0,5,71.5
1964-12-01,,,,,,,20,0.0,1,73.9
1964-12-02,,,,,,,7,0.0,5,73.8
1964-12-03,,,,413.0,,,13,0.0,4,74.4
1964-12-04,,,,401.0,,,10,0.0,5,75.7
1964-12-05,,,,,,,3,11.0,8,75.3
1964-12-06,,,,,,,7,0.0,13,74.6
1964-12-07,,,,376.0,,,20,0.0,14,73.8
1964-12-08,,,,412.0,,,13,12.0,-1,75.0
1964-12-09,,,,374.0,,,13,11.0,6,75.0
1964-12-10,,,,,,,7,15.0,5,76.0
1964-12-11,,,,345.0,,,7,18.0,11,77.0
1964-12-12,,,,324.0,,,3,24.0,16,74.3
1964-12-13,,,,354.0,,,17,15.0,22,75.5
1964-12-14,,,,,,,17,25.0,2,76.1
1964-12-15,,,,,,,17,15.0,2,76.5
1964-12-16,,,,550.0,,,27,25.0,7,78.2
1964-12-17,,,,556.0,,,27,39.0,-9,77.8
1964-12-18,,,,,,,13,40.0,-5,78.1
1964-12-19,,,,,,,20,43.0,-3,79.1
1964-12-20,,,,388.0,,,10,41.0,1,77.6
1964-12-21,,,,356.0,,,10,33.0,6,76.2
1964-12-22,,,,,,,7,37.0,4,74.9
1964-12-23,,,,,,,10,24.0,7,73.5
1964-12-24,,,,347.0,,,7,26.0,6,72.5
1964-12-25,,,,338.0,,,10,28.0,9,72.4
1964-12-26,,,,,,,10,21.0,3,71.5
1964-12-27,,,,342.0,,,7,28.0,9,73.8
1964-12-28,,,,344.0,,,7,40.0,13,74.7
1964-12-29,,,,408.0,,,10,54.0,8,75.1
1964-12-30,,,,,,,3,31.0,10,74.1
1964-12-31,,,,,,,7,28.0,10,75.9
1965-01-01,,,,347.0,,,7,33.0,14,82.7
1965-01-02,,,,406.0,,,23,37.0,11,81.5
1965-01-03,,,,420.0,,,13,44.0,4,79.4
1965-01-04,,,,344.0,,,10,44.0,12,78.0
1965-01-05,,,,,,,7,37.0,7,77.4
1965-01-06,,,,344.0,,,3,28.0,11,77.7
1965-01-07,,,,338.0,,,13,26.0,13,75.7
1965-01-08,,,,424.0,,,27,25.0,-7,74.9
1965-01-09,,,,,,,17,17.0,-3,74.1
1965-01-10,,,,430.0,,,13,12.0,2,73.5
1965-01-11,,,,373.0,,,3,11.0,2,72.7
1965-01-12,,,,390.0,,,23,0.0,8,72.6
1965-01-13,,,,,,,27,0.0,-7,72.5
1965-01-14,,,,,,,17,11.0,2,72.0
1965-01-15,,,,483.0,,,17,12.0,6,72.4
1965-01-16,,,,322.0,,,7,11.0,5,71.4
1965-01-17,,,,294.0,,,23,11.0,4,71.2
1965-01-18,,,,353.0,,,13,29.0,5,72.1
1965-01-19,,,,353.0,,,10,32.0,7,71.5
1965-01-20,,,,402.0,,,13,40.0,11,73.7
1965-01-21,,,,370.0,,,17,33.0,7,74.1
1965-01-22,,,,,,,30,32.0,-4,74.4
1965-01-23,,,,408.0,,,17,19.0,1,73.4
1965-01-24,,,,350.0,,,3,28.0,3,74.1
1965-01-25,,,,345.0,,,3,26.0,11,73.1
1965-01-26,,,,,,,7,26.0,14,73.5
1965-01-27,,,,435.0,,,17,48.0,12,76.8
1965-01-28,,,,422.0,,,13,25.0,7,75.1
1965-01-29,,,,412.0,,,13,36.0,5,76.6
1965-01-30,,,,,,,10,32.0,4,78.6
1965-01-31,,,,,,,7,22.0,9,77.7
1965-02-01,,,,402.0,,,10,21.0,7,76.2
1965-02-02,,,,321.0,,,7,19.0,14,76.8
1965-02-03,,,,,,,10,19.0,13,76.4
1965-02-04,,,,,,,23,19.0,2,75.2
1965-02-05,,,,388.0,,,13,15.0,6,74.1
1965-02-06,,,,391.0,,,23,33.0,7,74.1
1965-02-07,,,,389.0,,,40,33.0,-39,75.2
1965-02-08,,,,,,,23,25.0,-9,73.4
1965-02-09,,,,475.0,,,23,33.0,-10,73.4
1965-02-10,,,,545.0,,,27,25.0,-10,73.9
1965-02-11,,,,383.0,,,23,25.0,-4,71.8
1965-02-12,,,,,,,10,33.0,-3,71.2
1965-02-13,,,,452.0,,,10,36.0,8,70.6
1965-02-14,,,,525.0,,,23,24.0,2,70.1
1965-02-15,,,,527.0,,,23,33.0,-4,70.8
1965-02-16,,,,,,,17,22.0,-2,71.4
1965-02-17,,,,377.0,,,7,12.0,2,71.6
1965-02-18,,,,346.0,,,7,12.0,4,70.5
1965-02-19,,,,348.0,,,10,0.0,2,70.6
1965-02-20,,,,372.0,,,13,0.0,11,69.8
1965-02-21,,,,,,,30,11.0,-5,70.0
1965-02-22,,,,418.0,,,13,0.0,2,70.3
1965-02-23,,,,471.0,,,30,0.0,-2,71.5
1965-02-24,,,,478.0,,,23,19.0,-10,72.9
1965-02-25,,,,,,,23,22.0,-8,72.7
1965-02-26,,,,563.0,,,20,32.0,-2,72.3
1965-02-27,,,,564.0,,,20,33.0,-2,74.6
1965-02-28,,,,424.0,,,17,26.0,0,74.8
1965-03-01,,,,,,,17,24.0,0,75.1
1965-03-02,,,,453.0,,,17,11.0,4,74.0
1965-03-03,,,,411.0,,,37,0.0,-9,73.7
1965-03-04,,,,262.0,,,27,12.0,-40,73.8
1965-03-05,,,,,,,17,19.0,-5,74.8
1965-03-06,,,,344.0,,,10,37.0,-3,75.5
1965-03-07,,,,348.0,,,17,37.0,-4,75.8
1965-03-08,,,,357.0,,,3,11.0,1,73.4
1965-03-09,,,,,,,10,0.0,9,71.9
1965-03-10,,,,328.0,,,3,18.0,9,72.1
1965-03-11,,,,340.0,,,10,14.0,7,70.9
1965-03-12,,,,335.0,,,10,26.0,10,72.6
1965-03-13,,,,,,,20,24.0,4,74.6
1965-03-14,,,,426.0,,,17,25.0,0,73.7
1965-03-15,,,,484.0,,,23,18.0,2,71.9
1965-03-16,,,,457.0,,,10,14.0,4,70.5
1965-03-17,,,,429.0,,,13,17.0,8,70.8
1965-03-18,,,,,,,3,32.0,7,74.3
1965-03-19,,,,359.0,,,10,25.0,13,76.3
1965-03-20,,,,373.0,,,13,28.0,14,73.8
1965-03-21,,,,402.0,,,20,14.0,4,73.4
1965-03-22,,,,,,,13,0.0,11,72.1
1965-03-23,,,,585.0,,,37,0.0,-11,72.5
1965-03-24,,,,612.0,,,27,11.0,-6,72.0
1965-03-25,,,,610.0,,,30,25.0,-6,73.4
1965-03-26,,,,,,,27,15.0,-6,73.0
1965-03-27,,,,579.0,,,20,26.0,-1,71.8
1965-03-28,,,,506.0,,,13,18.0,0,71.4
1965-03-29,,,,502.0,,,17,14.0,2,71.7
1965-03-30,,,,,,,7,14.0,6,71.2
1965-03-31,,,,396.0,,,10,12.0,4,71.4
1965-04-01,,,,372.0,,,10,0.0,6,71.1
1965-04-02,,,,349.0,,,7,0.0,6,71.5
1965-04-03,,,,,,,7,0.0,11,71.3
1965-04-04,,,,,,,17,0.0,11,71.1
1965-04-05,,,,319.0,,,7,0.0,3,70.8
1965-04-06,,,,349.0,,,17,0.0,14,71.0
1965-04-07,,,,,,,20,0.0,-4,70.8
1965-04-08,,,,345.0,,,7,0.0,8,70.7
1965-04-09,,,,346.0,,,23,0.0,1,71.9
1965-04-10,,,,355.0,,,13,0.0,4,73.4
1965-04-11,,,,344.0,,,17,0.0,7,74.1
1965-04-12,,,,,,,17,14.0,0,73.7
1965-04-13,,,,354.0,,,13,14.0,4,74.0
1965-04-14,,,,345.0,,,13,22.0,11,75.8
1965-04-15,,,,345.0,,,10,39.0,4,75.5
1965-04-16,,,,,,,10,26.0,11,75.1
1965-04-17,,,,367.0,,,17,25.0,21,73.8
1965-04-18,,,,451.0,,,50,12.0,-80,73.7
1965-04-19,,,,566.0,,,27,11.0,-53,74.8
1965-04-20,,,,,,,23,11.0,-38,73.1
1965-04-21,,,,,,,7,14.0,-27,73.7
1965-04-22,,,,436.0,,,13,22.0,-18,73.5
1965-04-23,,,,450.0,,,13,25.0,-9,74.0
1965-04-24,,,,,,,13,15.0,-5,71.6
1965-04-25,,,,,,,10,11.0,1,70.4
1965-04-26,,,,396.0,,,17,17.0,2,70.0
1965-04-27,,,,465.0,,,13,15.0,-5,70.2
1965-04-28,,,,403.0,,,7,12.0,2,70.5
1965-04-29,,,,,,,10,0.0,7,71.2
1965-04-30,,,,374.0,,,13,0.0,3,70.9
1965-05-01,,,,374.0,,,10,0.0,7,72.2
1965-05-02,,,,367.0,,,3,21.0,8,71.9
1965-05-03,,,,,,,7,12.0,7,71.9
1965-05-04,,,,352.0,,,10,12.0,14,70.9
1965-05-05,,,,461.0,,,37,11.0,-16,70.2
1965-05-06,,,,472.0,,,17,0.0,-6,71.7
1965-05-07,,,,,,,13,17.0,-2,72.7
1965-05-08,,,,448.0,,,20,22.0,-1,73.4
1965-05-09,,,,489.0,,,23,14.0,-15,73.8
1965-05-10,,,,501.0,,,17,0.0,-12,73.5
1965-05-11,,,,,,,3,0.0,-3,72.5
1965-05-12,,,,,,,10,22.0,-1,73.3
1965-05-13,,,,347.0,,,7,31.0,4,76.0
1965-05-14,,,,349.0,,,7,22.0,11,77.0
1965-05-15,,,,346.0,,,10,43.0,18,82.3
1965-05-16,,,,,,,30,51.0,4,88.3
1965-05-17,,,,544.0,,,13,78.0,-2,93.2
1965-05-18,,,,470.0,,,10,102.0,7,92.6
1965-05-19,,,,400.0,,,7,106.0,6,94.6
1965-05-20,,,,,,,10,102.0,16,97.0
1965-05-21,,,,,,,13,99.0,11,95.1
1965-05-22,,,,346.0,,,17,88.0,4,94.5
1965-05-23,,,,343.0,,,13,71.0,3,88.4
1965-05-24,,,,,,,17,61.0,7,87.3
1965-05-25,,,,349.0,,,7,43.0,11,83.1
1965-05-26,,,,348.0,,,10,32.0,18,80.0
1965-05-27,,,,481.0,,,17,11.0,12,78.1
1965-05-28,,,,413.0,,,13,0.0,13,76.5
1965-05-29,,,,365.0,,,7,0.0,15,75.8
1965-05-30,,,,369.0,,,7,0.0,19,76.1
1965-05-31,,,,368.0,,,10,0.0,18,73.6
1965-06-01,6.5,,,384.0,,,13,14.0,20,72.8
1965-06-02,4.3,,,419.0,,,17,35.0,14,75.8
1965-06-03,,,,437.0,,,17,51.0,11,77.4
1965-06-04,,,,475.0,,,23,54.0,5,80.5
1965-06-05,,,,,,,17,48.0,-1,80.6
1965-06-06,9.1,,,,,,13,43.0,2,80.7
1965-06-07,6.9,,,,,,7,45.0,0,79.5
1965-06-08,6.3,,,413.0,,,20,35.0,7,80.7
1965-06-09,,,,412.0,,,27,33.0,-14,81.4
1965-06-10,,,,,,,3,14.0,1,80.7
1965-06-11,7.7,,,405.0,,,10,11.0,10,78.9
1965-06-12,,,,396.0,,,7,0.0,12,78.4
1965-06-13,3.0,,,340.0,,,3,0.0,18,79.2
1965-06-14,2.8,,,,,,17,21.0,17,78.5
1965-06-15,,,,500.0,,,30,0.0,5,79.1
1965-06-16,,,,584.0,,,57,0.0,-41,78.4
1965-06-17,7.5,,,446.0,,,40,18.0,-45,78.7
1965-06-18,3.5,,,,,,20,36.0,-22,80.8
1965-06-19,2.0,,,344.0,,,7,24.0,-9,77.4
1965-06-20,1.5,,,323.0,,,3,31.0,-7,78.5
1965-06-21,,,,342.0,,,3,28.0,-1,78.4
1965-06-22,,,,363.0,,,10,21.0,-1,80.7
1965-06-23,4.3,,,,,,7,11.0,3,82.8
1965-06-24,3.1,,,348.0,,,7,11.0,9,80.7
1965-06-25,7.4,,,366.0,,,20,11.0,9,81.9
1965-06-26,8.2,,,,,,23,11.0,0,81.4
1965-06-27,,,,,,,17,12.0,-2,80.3
1965-06-28,5.2,,,372.0,,,7,33.0,3,79.3
1965-06-29,6.4,,,508.0,,,27,26.0,9,79.0
1965-06-30,6.3,,,538.0,,,27,21.0,-3,79.6
1965-07-01,4.4,,,,,,27,26.0,-6,78.6
1965-07-02,,,,649.0,,,13,29.0,-4,78.2
1965-07-03,,,,482.0,,,13,28.0,1,78.8
1965-07-04,2.6,,,455.0,,,7,25.0,4,78.5
1965-07-05,4.9,,,,,,7,12.0,11,78.0
1965-07-06,8.3,,,487.0,,,30,25.0,-8,81.2
1965-07-07,4.2,,,466.0,,,20,32.0,-9,84.3
1965-07-08,5.7,,,472.0,,,33,41.0,3,83.8
1965-07-09,4.9,,,,,,27,47.0,-4,84.1
1965-07-10,4.6,,,,,,27,41.0,-10,83.0
1965-07-11,2.0,,,372.0,,,7,50.0,-6,82.6
1965-07-12,3.5,,,379.0,,,10,43.0,7,80.8
1965-07-13,6.8,,,430.0,,,13,33.0,10,78.8
1965-07-14,5.4,,,,,,10,18.0,6,77.2
1965-07-15,3.8,,,349.0,,,23,17.0,-2,77.0
1965-07-16,3.5,,,432.0,,,10,12.0,-4,74.5
1965-07-17,2.0,,,421.0,,,3,11.0,8,74.3
1965-07-18,3.0,,,,,,13,0.0,20,74.3
1965-07-19,9.1,,,420.0,,,27,0.0,-7,74.9
1965-07-20,6.2,,,477.0,,,13,0.0,-2,75.4
1965-07-21,7.1,,,454.0,,,7,0.0,2,75.0
1965-07-22,6.4,,,,,,10,0.0,11,73.9
1965-07-23,6.9,,,,,,27,0.0,7,73.2
1965-07-24,4.8,,,,,,20,0.0,5,72.4
1965-07-25,3.8,,,,,,13,11.0,4,72.3
1965-07-26,3.5,44950.0,7.6,366.0,,2.02,7,0.0,7,71.7
1965-07-27,10.9,73482.0,20.3,384.0,,5.96,20,11.0,15,72.3
1965-07-28,5.7,,,,,,30,0.0,-7,72.9
1965-07-29,4.9,230370.0,4.3,590.0,,2.99,27,0.0,-6,73.4
1965-07-30,4.5,143225.0,1.8,574.0,,1.19,10,14.0,-3,73.4
1965-07-31,5.4,102344.0,3.3,474.0,,1.49,7,11.0,2,73.0
1965-08-01,,,,,,,10,0.0,7,74.2
1965-08-02,7.4,,,,,,23,0.0,1,75.2
1965-08-03,6.0,64994.0,6.3,390.0,,1.91,17,22.0,-4,79.6
1965-08-04,4.8,73496.0,8.5,397.0,,2.67,17,21.0,2,80.7
1965-08-05,,55650.0,7.3,380.0,,2.09,10,0.0,6,78.5
1965-08-06,2.9,39049.0,4.7,389.0,,1.42,7,24.0,3,81.1
1965-08-07,5.2,134157.0,14.1,437.0,,4.76,17,11.0,17,81.8
1965-08-08,4.9,123588.0,7.0,459.0,,2.96,17,44.0,10,79.5
1965-08-09,5.5,123142.0,5.5,454.0,,2.28,17,18.0,6,79.8
1965-08-10,5.4,102647.0,4.6,446.0,,1.84,10,21.0,4,78.2
1965-08-11,4.7,,,,,,17,24.0,5,78.8
1965-08-12,3.3,55509.0,4.2,402.0,,1.36,17,19.0,4,77.9
1965-08-13,4.7,47500.0,5.4,370.0,,1.46,7,12.0,12,76.7
1965-08-14,5.3,141430.0,5.1,434.0,,1.76,20,11.0,-2,75.6
1965-08-15,5.2,75205.0,5.3,372.0,,1.47,13,0.0,1,74.4
1965-08-16,8.3,,,,,,17,0.0,19,75.6
1965-08-17,8.2,59834.0,7.3,368.0,,2.04,23,0.0,0,74.2
1965-08-18,5.6,70142.0,13.4,384.0,,4.4,23,11.0,6,75.0
1965-08-19,5.8,141546.0,8.6,522.0,,4.6,37,11.0,-13,76.1
1965-08-20,6.4,155328.0,6.3,551.0,,3.79,30,11.0,-7,75.5
1965-08-21,4.7,,,,,,23,11.0,-11,75.3
1965-08-22,5.3,68564.0,3.0,437.0,,1.14,13,0.0,-6,74.6
1965-08-23,6.6,114890.0,9.2,465.0,,3.98,17,0.0,-1,74.6
1965-08-24,4.7,135141.0,5.1,527.0,,2.86,23,12.0,-7,74.3
1965-08-25,,158332.0,7.7,508.0,,3.95,27,0.0,-6,73.8
1965-08-26,4.0,131416.0,3.6,536.0,,2.09,17,12.0,3,73.5
1965-08-27,3.9,102515.0,3.5,513.0,,1.85,17,21.0,4,76.0
1965-08-28,3.6,75195.0,2.4,475.0,,1.12,7,18.0,6,74.7
1965-08-29,5.1,37029.0,4.9,396.0,,1.5,13,24.0,11,75.7
1965-08-30,6.5,,,,,,20,22.0,6,76.4
1965-08-31,6.4,80188.0,4.6,425.0,,1.65,23,32.0,0,76.3
1965-09-01,4.0,67058.0,4.6,420.0,,1.59,13,29.0,6,76.8
1965-09-02,3.4,63388.0,3.4,413.0,,1.17,13,29.0,1,77.3
1965-09-03,4.4,34314.0,3.2,392.0,,0.97,7,31.0,8,77.9
1965-09-04,8.2,,,,,,30,32.0,2,78.0
1965-09-05,4.2,155041.0,3.6,585.0,,2.47,20,32.0,3,80.0
1965-09-06,4.0,106409.0,3.8,537.0,,2.19,23,28.0,5,78.3
1965-09-07,4.4,87342.0,3.9,504.0,,2.0,17,33.0,7,78.9
1965-09-08,2.8,93442.0,4.5,480.0,,2.04,10,32.0,5,79.8
1965-09-09,3.4,29136.0,3.5,347.0,,0.84,7,26.0,5,77.2
1965-09-10,3.5,56816.0,3.6,370.0,,0.97,7,22.0,8,76.7
1965-09-11,7.3,42911.0,8.2,352.0,,2.06,10,28.0,20,76.7
1965-09-12,8.2,67223.0,8.0,422.0,,2.84,23,25.0,9,76.3
1965-09-13,7.5,,,,,,13,25.0,4,75.9
1965-09-14,5.4,52048.0,3.4,334.0,,0.74,7,12.0,3,76.1
1965-09-15,7.6,43682.0,7.3,349.0,,1.85,27,12.0,-11,75.7
1965-09-16,8.9,115172.0,10.4,455.0,,3.88,43,24.0,-27,74.5
1965-09-17,4.6,115374.0,5.6,496.0,,2.78,33,12.0,-14,74.5
1965-09-18,5.9,,,,,,30,14.0,-18,73.7
1965-09-19,4.6,87626.0,6.8,451.0,,2.76,30,11.0,-12,73.4
1965-09-20,3.0,69965.0,5.0,430.0,,1.85,13,0.0,-7,73.4
1965-09-21,2.7,39964.0,4.2,392.0,,1.3,13,0.0,-2,73.1
1965-09-22,2.8,27336.0,8.6,353.0,,2.0,13,0.0,9,71.7
1965-09-23,8.2,151566.0,12.9,437.0,,4.85,23,17.0,11,72.3
1965-09-24,5.0,117997.0,6.2,471.0,,2.76,23,25.0,2,76.6
1965-09-25,4.8,81038.0,4.3,453.0,,1.77,23,19.0,-8,76.2
1965-09-26,5.2,58647.0,4.2,410.0,,1.43,23,25.0,-8,77.4
1965-09-27,7.1,94711.0,10.2,414.0,,3.5,27,35.0,-10,78.7
1965-09-28,7.9,109447.0,8.0,450.0,,3.17,37,33.0,-34,80.8
1965-09-29,4.1,75339.0,3.2,460.0,,1.39,17,52.0,-14,87.6
1965-09-30,3.4,27622.0,1.7,377.0,,0.49,7,71.0,-9,89.3
1965-10-01,3.5,20344.0,3.8,333.0,,0.84,3,74.0,5,92.2
1965-10-02,5.7,,,,,,30,89.0,-5,93.3
1965-10-03,4.1,66483.0,5.3,380.0,,1.53,7,85.0,-4,96.1
1965-10-04,4.3,43529.0,3.0,354.0,,0.78,3,88.0,-1,97.5
1965-10-05,8.3,79300.0,12.1,399.0,,3.66,17,78.0,15,91.6
1965-10-06,6.1,,,,,,3,55.0,2,85.1
1965-10-07,8.6,148329.0,8.6,482.0,,3.8,17,39.0,17,83.5
1965-10-08,8.0,51449.0,4.4,419.0,,1.58,27,11.0,15,82.6
1965-10-09,4.3,70029.0,3.0,452.0,,1.22,10,12.0,3,83.0
1965-10-10,4.3,78853.0,3.7,427.0,,1.33,7,19.0,9,80.1
1965-10-11,5.4,,,,,,7,12.0,9,75.7
1965-10-12,3.5,58071.0,2.9,408.0,,0.98,17,14.0,7,74.5
1965-10-13,4.5,73820.0,5.9,416.0,,2.05,17,12.0,5,75.4
1965-10-14,3.7,88347.0,3.4,446.0,,1.35,13,11.0,1,74.3
1965-10-15,2.9,,,,,,3,0.0,3,73.3
1965-10-16,2.1,,,,,,3,11.0,10,71.8
1965-10-17,2.4,24321.0,5.9,314.0,,1.15,3,0.0,15,72.0
1965-10-18,5.7,49198.0,10.1,349.0,,2.48,13,0.0,12,71.6
1965-10-19,4.9,39515.0,8.5,339.0,,1.98,10,15.0,11,71.2
1965-10-20,2.5,24396.0,8.1,319.0,,1.65,7,18.0,14,72.0
1965-10-21,3.0,,,,,,3,22.0,12,72.6
1965-10-22,14.8,54388.0,15.0,367.0,,4.11,27,37.0,16,75.4
1965-10-23,7.9,119988.0,8.2,470.0,,3.29,33,33.0,-8,77.9
1965-10-24,4.2,89843.0,6.2,483.0,,2.87,30,24.0,-7,75.5
1965-10-25,4.9,71558.0,6.8,426.0,,2.45,27,35.0,-11,77.0
1965-10-26,4.0,38778.0,5.0,394.0,,1.54,13,25.0,3,77.3
1965-10-27,6.3,133171.0,7.1,486.0,,3.33,17,25.0,11,77.0
1965-10-28,3.5,142585.0,6.0,544.0,,3.53,27,14.0,1,76.2
1965-10-29,4.1,72066.0,4.4,454.0,,1.73,10,12.0,2,75.6
1965-10-30,5.2,,,,,,20,12.0,0,75.1
1965-10-31,5.1,81329.0,5.0,447.0,,2.01,17,21.0,2,76.9
1965-11-01,5.2,71882.0,4.4,416.0,,1.5,10,41.0,2,77.6
1965-11-02,5.0,111188.0,3.3,478.0,,1.54,13,40.0,1,78.2
1965-11-03,3.1,75836.0,2.8,399.0,,0.94,3,29.0,2,79.8
1965-11-04,11.2,,,,,,17,19.0,18,78.4
1965-11-05,10.8,30144.0,3.6,378.0,,1.0,23,19.0,8,76.7
1965-11-06,9.6,36435.0,7.4,366.0,,2.02,30,41.0,-16,79.2
1965-11-07,,35402.0,7.1,351.0,,1.74,20,57.0,-10,83.7
1965-11-08,,35748.0,9.8,305.0,,1.83,10,65.0,4,78.9
1965-11-09,3.8,55570.0,7.0,353.0,,1.78,10,54.0,4,80.4
1965-11-10,3.0,25148.0,7.7,323.0,,1.61,0,58.0,10,82.4
1965-11-11,4.0,29197.0,8.4,316.0,,1.68,7,57.0,13,82.5
1965-11-12,5.8,31037.0,9.8,341.0,,2.38,7,37.0,19,79.1
1965-11-13,5.3,,,,,,17,25.0,6,75.7
1965-11-14,,68394.0,9.3,374.0,,2.57,7,24.0,6,74.4
1965-11-15,3.8,55557.0,6.0,374.0,,1.69,7,15.0,6,74.8
1965-11-16,3.9,72739.0,8.9,333.0,,1.97,3,14.0,7,72.4
1965-11-17,4.9,87540.0,13.1,347.0,,3.13,10,11.0,10,72.6
1965-11-18,6.4,70970.0,18.1,368.0,,4.9,17,0.0,15,73.3
1965-11-19,6.9,65944.0,9.1,398.0,,2.84,23,0.0,-1,71.6
1965-11-20,7.4,96299.0,6.5,433.0,,2.43,33,0.0,-15,70.9
1965-11-21,4.2,133945.0,5.7,458.0,,2.37,23,0.0,-11,70.5
1965-11-22,3.8,134920.0,9.7,444.0,,3.77,10,11.0,-2,70.0
1965-11-23,2.9,48175.0,10.6,350.0,,2.61,3,0.0,3,69.5
1965-11-24,6.0,56693.0,11.3,375.0,,3.17,10,11.0,10,69.3
1965-11-25,4.8,55423.0,12.0,370.0,,3.27,10,0.0,9,68.8
1965-11-26,,103421.0,7.6,419.0,,2.74,10,11.0,6,69.9
1965-11-27,4.7,,,,,,10,0.0,6,72.1
1965-11-28,3.5,44062.0,6.6,360.0,,1.71,7,12.0,10,74.9
1965-11-29,4.8,54447.0,8.0,374.0,,2.23,7,12.0,12,71.9
1965-11-30,5.9,77346.0,21.2,393.0,,6.34,23,22.0,8,73.0
1965-12-01,5.2,87704.0,9.5,434.0,,3.52,30,19.0,-8,73.3
1965-12-02,2.8,,,,,,20,12.0,-8,72.9
1965-12-03,2.3,35908.0,5.2,379.0,,1.48,7,12.0,-1,72.7
1965-12-04,4.7,60439.0,10.7,397.0,,3.32,23,12.0,4,72.3
1965-12-05,3.8,46017.0,8.4,391.0,,2.56,7,12.0,3,73.2
1965-12-06,2.7,51800.0,13.2,351.0,,3.12,7,12.0,8,74.0
1965-12-07,3.6,49108.0,10.7,364.0,,3.01,7,12.0,7,73.0
1965-12-08,8.6,55418.0,10.1,388.0,,3.09,10,22.0,16,74.4
1965-12-09,5.2,112476.0,8.9,410.0,,2.91,13,11.0,8,72.7
1965-12-10,5.2,88141.0,10.4,420.0,,3.69,17,11.0,6,73.0
1965-12-11,5.0,198490.0,9.2,530.0,,5.17,23,0.0,-1,73.2
1965-12-12,4.9,94865.0,4.4,483.0,,2.07,23,0.0,-1,73.5
1965-12-13,2.5,69094.0,5.7,431.0,,2.08,17,21.0,-3,71.7
1965-12-14,3.2,45703.0,6.0,356.0,,1.51,7,0.0,3,72.4
1965-12-15,2.7,48979.0,10.4,329.0,,2.22,3,21.0,9,74.4
1965-12-16,2.9,20876.0,18.1,274.0,,2.72,3,32.0,17,75.1
1965-12-17,3.3,23766.0,13.0,303.0,,2.37,3,31.0,16,75.9
1965-12-18,7.1,50421.0,21.1,355.0,,5.54,23,29.0,8,75.9
1965-12-19,6.4,,,,,,13,26.0,-17,74.3
1965-12-20,3.5,100272.0,13.4,362.0,,3.32,10,22.0,-2,72.1
1965-12-21,3.6,,,,,,7,15.0,4,71.7
1965-12-22,5.2,86022.0,11.8,400.0,,3.64,17,17.0,11,70.0
1965-12-23,3.2,84784.0,6.4,429.0,,2.35,7,14.0,1,70.3
1965-12-24,5.0,39810.0,11.6,368.0,,3.11,17,12.0,12,68.8
1965-12-25,,152840.0,11.2,444.0,,4.42,23,18.0,-1,69.7
1965-12-26,4.5,170702.0,5.8,521.0,,3.15,30,33.0,-3,74.4
1965-12-27,4.6,130923.0,5.3,570.0,,3.38,23,41.0,-3,80.9
1965-12-28,4.2,174118.0,5.2,589.0,,3.63,30,91.0,-8,81.0
1965-12-29,3.4,97459.0,6.4,489.0,,2.99,20,91.0,-4,81.9
1965-12-30,4.2,,,,,,13,62.0,0,79.2
1965-12-31,,48048.0,5.2,378.0,,1.47,7,54.0,1,78.1
1966-01-01,3.1,37026.0,5.6,354.0,,1.4,3,32.0,8,79.3
1966-01-02,6.4,64328.0,12.0,388.0,,3.62,20,31.0,14,76.3
1966-01-03,4.5,78474.0,10.3,386.0,,2.92,13,29.0,2,75.9
1966-01-04,5.7,,,,,,20,25.0,6,77.8
1966-01-05,3.5,60788.0,2.5,399.0,,0.79,10,17.0,-4,77.4
1966-01-06,,28339.0,3.1,360.0,,0.8,3,0.0,5,77.1
1966-01-07,6.1,,,,,,17,11.0,4,78.2
1966-01-08,5.3,167647.0,8.5,485.0,,4.0,20,19.0,2,77.9
1966-01-09,5.4,111528.0,6.1,462.0,,2.57,17,19.0,3,77.4
1966-01-10,4.6,100651.0,5.1,435.0,,1.93,17,0.0,-2,77.2
1966-01-11,5.3,77802.0,4.3,403.0,,1.4,7,0.0,4,78.2
1966-01-12,,25168.0,6.6,346.0,,1.57,3,0.0,6,81.2
1966-01-13,4.9,24016.0,7.0,348.0,,1.7,3,25.0,12,84.3
1966-01-14,5.1,44570.0,9.2,347.0,,2.14,10,43.0,15,90.1
1966-01-15,2.9,50113.0,6.8,364.0,,1.8,13,57.0,10,98.5
1966-01-16,2.9,,,,,,0,82.0,11,102.6
1966-01-17,,36504.0,9.5,328.0,,2.03,7,72.0,15,98.4
1966-01-18,,21972.0,13.2,331.0,,2.9,10,91.0,22,101.4
1966-01-19,5.3,57696.0,10.0,363.0,,2.61,7,96.0,8,105.1
1966-01-20,7.9,81287.0,13.4,384.0,,4.01,30,91.0,2,99.0
1966-01-21,6.5,90529.0,8.5,500.0,,4.22,37,82.0,-6,95.7
1966-01-22,6.6,90747.0,7.8,562.0,,4.92,40,74.0,-6,91.8
1966-01-23,,,,,,,27,59.0,-14,90.6
1966-01-24,,177376.0,4.0,548.0,,2.4,27,62.0,-5,88.9
1966-01-25,,145015.0,2.9,588.0,,2.05,23,52.0,-3,85.4
1966-01-26,4.9,163081.0,3.8,581.0,,2.53,27,33.0,-5,82.7
1966-01-27,,115948.0,2.5,565.0,,1.6,7,25.0,-5,79.9
1966-01-28,,43723.0,7.6,419.0,,2.67,13,24.0,10,78.1
1966-01-29,,64523.0,8.9,380.0,,2.57,17,31.0,10,78.3
1966-01-30,,52627.0,7.6,368.0,,2.06,7,40.0,8,76.3
1966-01-31,,,,,,,7,28.0,4,75.4
1966-02-01,,60816.0,7.2,343.0,,1.69,7,11.0,8,77.6
1966-02-02,,55283.0,6.5,364.0,,1.71,7,17.0,14,76.9
1966-02-03,,93195.0,7.1,399.0,,2.24,23,31.0,4,77.5
1966-02-04,,125756.0,6.7,520.0,,3.54,27,25.0,-2,79.0
1966-02-05,,93269.0,4.8,505.0,,2.46,33,28.0,-8,80.6
1966-02-06,,124644.0,5.1,518.0,,2.74,20,25.0,-7,82.1
1966-02-07,,54733.0,3.8,346.0,,0.91,13,25.0,-2,82.8
1966-02-08,,39462.0,5.5,339.0,,1.26,10,21.0,3,82.3
1966-02-09,,24676.0,8.3,343.0,,1.94,7,18.0,10,82.9
1966-02-10,,37438.0,10.4,352.0,,2.6,20,18.0,11,83.8
1966-02-11,,,,,,,27,21.0,2,83.6
1966-02-12,,74530.0,4.5,431.0,,1.7,10,17.0,-3,83.2
1966-02-13,,64210.0,4.6,383.0,,1.36,13,26.0,-1,83.9
1966-02-14,,50665.0,4.4,380.0,,1.28,3,21.0,5,83.9
1966-02-15,,43676.0,7.7,353.0,,2.01,10,24.0,12,83.3
1966-02-16,,27640.0,4.2,365.0,,1.12,13,19.0,3,82.7
1966-02-17,,35824.0,7.2,357.0,,1.84,10,28.0,12,82.1
1966-02-18,,43036.0,4.6,362.0,,1.21,7,35.0,9,82.2
1966-02-19,,108555.0,12.0,409.0,,4.9,27,41.0,4,81.1
1966-02-20,,258429.0,7.2,667.0,,6.14,30,55.0,-15,82.8
1966-02-21,,94346.0,1.7,506.0,,0.86,10,59.0,-7,85.7
1966-02-22,,121408.0,3.6,488.0,,1.76,23,71.0,-8,86.0
1966-02-23,,165655.0,4.5,576.0,,2.87,40,78.0,-23,82.7
1966-02-24,,144214.0,3.0,622.0,,2.33,33,64.0,-12,81.9
1966-02-25,,181127.0,4.5,560.0,,2.82,23,55.0,-6,79.3
1966-02-26,,61126.0,2.0,474.0,,0.85,7,57.0,-4,83.1
1966-02-27,,68189.0,3.4,425.0,,1.23,10,51.0,1,83.2
1966-02-28,,23906.0,5.6,327.0,,1.2,3,47.0,4,84.1
1966-03-01,,26323.0,6.4,315.0,,1.27,7,36.0,6,79.7
1966-03-02,,,,,,,7,17.0,12,76.7
1966-03-03,,52920.0,8.9,359.0,,2.2,20,21.0,8,75.8
1966-03-04,,76894.0,4.7,435.0,,1.79,17,29.0,-1,75.5
1966-03-05,,49949.0,3.5,396.0,,1.12,10,22.0,-2,74.8
1966-03-06,,49677.0,6.5,365.0,,1.72,10,22.0,3,75.5
1966-03-07,,26747.0,5.4,341.0,,1.26,7,18.0,7,76.2
1966-03-08,,23780.0,6.8,336.0,,1.57,7,17.0,13,76.4
1966-03-09,,61762.0,10.1,338.0,,2.3,10,22.0,12,78.5
1966-03-10,,76964.0,8.1,388.0,,2.42,20,21.0,-2,78.6
1966-03-11,,,,,,,13,15.0,0,78.0
1966-03-12,,83352.0,5.3,418.0,,1.83,13,0.0,4,78.3
1966-03-13,,32103.0,1.4,421.0,,0.51,20,11.0,2,80.0
1966-03-14,,28501.0,6.4,331.0,,1.4,50,0.0,-68,81.4
1966-03-15,,46263.0,11.1,365.0,,2.79,20,15.0,-23,87.1
1966-03-16,,56383.0,6.4,411.0,,2.16,17,37.0,-14,92.9
1966-03-17,,33241.0,7.4,332.0,,1.62,13,62.0,-5,105.1
1966-03-18,,60860.0,5.3,393.0,,1.6,7,75.0,-4,109.6
1966-03-19,,208022.0,10.8,543.0,,6.0,33,85.0,0,114.6
1966-03-20,,,,,,,23,76.0,-5,111.0
1966-03-21,,134839.0,3.5,490.0,,1.62,20,71.0,-4,120.3
1966-03-22,,30511.0,1.1,492.0,,0.54,17,74.0,4,105.1
1966-03-23,,133624.0,8.0,453.0,,3.32,50,57.0,-44,96.2
1966-03-24,,,,,,,7,44.0,-46,92.9
1966-03-25,,51736.0,3.4,523.0,,1.84,27,35.0,-8,91.1
1966-03-26,,101323.0,4.7,565.0,,2.93,30,26.0,-5,84.7
1966-03-27,,103184.0,2.1,580.0,,1.39,27,15.0,-13,83.1
1966-03-28,,111968.0,4.2,531.0,,2.33,43,18.0,-26,87.6
1966-03-29,,75416.0,2.9,472.0,,1.29,20,50.0,-28,96.1
1966-03-30,,,,,,,17,62.0,-17,99.0
1966-03-31,,28067.0,3.9,378.0,,1.14,7,74.0,-11,110.4
1966-04-01,,83752.0,16.1,406.0,,5.48,27,91.0,-4,106.8
1966-04-02,,86967.0,5.2,430.0,,1.97,20,82.0,-16,106.3
1966-04-03,,52525.0,4.7,393.0,,1.46,17,105.0,-11,102.1
1966-04-04,,53824.0,7.3,374.0,,2.04,20,105.0,-7,102.6
1966-04-05,,68494.0,5.1,399.0,,1.6,13,84.0,-4,102.0
1966-04-06,,86034.0,5.1,411.0,,1.69,20,89.0,-6,104.2
1966-04-07,,109911.0,2.6,453.0,,1.06,17,99.0,-15,102.8
1966-04-08,,89000.0,5.0,442.0,,1.96,23,92.0,-7,107.3
1966-04-09,,54320.0,3.2,394.0,,1.02,13,69.0,0,100.3
1966-04-10,,48181.0,4.0,373.0,,1.1,13,52.0,2,94.8
1966-04-11,,44539.0,3.4,347.0,,0.82,3,41.0,5,93.9
1966-04-12,,28068.0,5.1,350.0,,1.26,7,39.0,12,94.8
1966-04-13,,32810.0,15.6,340.0,,3.61,30,35.0,-13,93.1
1966-04-14,,,,,,,20,41.0,-14,91.0
1966-04-15,,,,,,,10,41.0,-6,96.3
1966-04-16,,57513.0,9.2,379.0,,2.68,7,50.0,5,93.2
1966-04-17,,72119.0,6.4,392.0,,1.97,10,57.0,5,95.2
1966-04-18,,,,,,,7,57.0,2,92.9
1966-04-19,,,,,,,3,43.0,10,89.0
1966-04-20,,,,,,,13,58.0,1,93.5
1966-04-21,,58540.0,5.5,358.0,,1.42,13,62.0,0,91.7
1966-04-22,,141894.0,12.2,460.0,,5.22,27,79.0,-1,93.4
1966-04-23,,98788.0,3.2,512.0,,1.68,20,98.0,-5,98.8
1966-04-24,,73182.0,2.5,488.0,,1.19,17,82.0,-1,103.7
1966-04-25,,35240.0,2.2,446.0,,0.88,7,86.0,2,103.8
1966-04-26,,38847.0,5.1,368.0,,1.37,7,76.0,8,101.3
1966-04-27,,33433.0,4.0,346.0,,0.95,3,57.0,12,96.0
1966-04-28,,38526.0,6.6,337.0,,1.49,10,57.0,10,94.9
1966-04-29,,51116.0,5.2,340.0,,1.16,17,68.0,-3,94.5
1966-04-30,,67548.0,5.2,372.0,,1.44,23,75.0,-9,93.3
1966-05-01,,169529.0,4.1,383.0,,1.2,20,71.0,-9,91.7
1966-05-02,,,,,,,27,74.0,-14,94.0
1966-05-03,,,,,,,13,81.0,-6,94.0
1966-05-04,,,,,,,27,86.0,-18,92.5
1966-05-05,,80988.0,3.7,406.0,,1.21,13,61.0,-6,88.6
1966-05-06,,84320.0,3.3,403.0,,1.07,17,45.0,-10,87.5
1966-05-07,,,,,,,10,41.0,-1,89.9
1966-05-08,,,,,,,13,25.0,3,87.8
1966-05-09,,,,,,,13,12.0,1,87.5
1966-05-10,,35555.0,6.6,329.0,,1.42,7,0.0,11,86.6
1966-05-11,,55526.0,12.1,326.0,,2.75,17,21.0,14,88.3
1966-05-12,,,,,,,17,21.0,5,92.6
1966-05-13,,,,,,,17,33.0,7,92.9
1966-05-14,,36760.0,5.8,362.0,,1.52,3,71.0,10,97.2
1966-05-15,,28595.0,4.4,338.0,,1.0,3,65.0,13,99.2
1966-05-16,,,,,,,13,67.0,12,100.1
1966-05-17,,,,,,,17,50.0,5,98.9
1966-05-18,,42349.0,6.3,337.0,,1.43,13,40.0,3,98.7
1966-05-19,,61100.0,4.2,342.0,,0.97,7,50.0,4,107.1
1966-05-20,,48560.0,6.5,348.0,,1.62,17,82.0,4,115.5
1966-05-21,,47962.0,13.1,395.0,,4.09,10,113.0,10,123.6
1966-05-22,,,,,,,10,102.0,12,121.0
1966-05-23,,,,,,,7,96.0,11,113.9
1966-05-24,,39687.0,5.0,331.0,,1.09,3,96.0,17,117.7
1966-05-25,,,,,,,10,91.0,13,115.1
1966-05-26,,,,,,,53,99.0,-32,112.3
1966-05-27,,,,,,,10,93.0,-55,108.5
1966-05-28,,62516.0,3.4,427.0,,1.24,13,85.0,-31,
1966-05-29,,76382.0,2.4,393.0,,0.72,10,59.0,-23,106.8
1966-05-30,,,,,,,17,79.0,-15,101.6
1966-05-31,,,,,,,47,82.0,-36,105.6
1966-06-01,,,,,,,17,101.0,-36,104.8
1966-06-02,,49786.0,9.0,453.0,,3.64,20,105.0,-18,103.9
1966-06-03,,86272.0,6.3,413.0,,2.17,17,58.0,-11,102.6
1966-06-04,,,,,,,10,85.0,-6,102.0
1966-06-05,,,,,,,13,68.0,6,101.7
1966-06-06,,,,,,,10,67.0,6,101.9
1966-06-07,,74834.0,12.4,371.0,,3.42,20,57.0,0,96.9
1966-06-08,,101025.0,9.1,393.0,,2.81,10,50.0,-2,99.5
1966-06-09,,,,,,,7,47.0,1,98.9
1966-06-10,,,,,,,3,36.0,7,96.8
1966-06-11,,32264.0,12.0,330.0,,2.61,7,61.0,12,96.1
1966-06-12,,104999.0,10.8,366.0,,2.55,17,48.0,-1,95.9
1966-06-13,,,,,,,13,48.0,-2,96.1
1966-06-14,,,,,,,10,44.0,-4,96.9
1966-06-15,,,,,,,13,32.0,3,94.7
1966-06-16,,50791.0,6.0,391.0,,1.86,17,57.0,2,97.9
1966-06-17,,37832.0,5.3,347.0,,1.28,10,65.0,8,99.5
1966-06-18,,,,,,,7,57.0,10,98.2
1966-06-19,,,,,,,13,51.0,16,96.9
1966-06-20,,,,,,,17,59.0,4,94.3
1966-06-21,,70030.0,2.9,418.0,,1.03,13,47.0,4,93.5
1966-06-22,,71280.0,2.9,421.0,,1.03,7,50.0,4,96.1
1966-06-23,,,,,,,27,88.0,0,99.2
1966-06-24,,,,,,,23,93.0,12,103.5
1966-06-25,,36313.0,3.2,491.0,,1.54,30,113.0,-15,104.8
1966-06-26,,78602.0,3.8,463.0,,1.62,17,116.0,-4,105.6
1966-06-27,,169924.0,2.2,481.0,,1.02,7,108.0,-1,100.8
1966-06-28,,,,,,,10,74.0,8,101.4
1966-06-29,,,,,,,13,67.0,3,99.8
1966-06-30,,64439.0,4.6,396.0,,1.45,13,78.0,1,100.7
1966-07-01,6.1,55346.0,5.7,374.0,,1.59,13,69.0,1,100.1
1966-07-02,4.9,57518.0,4.7,372.0,,1.3,10,69.0,4,98.2
1966-07-03,5.6,,,,,,13,76.0,4,99.3
1966-07-04,8.8,,,,,,23,75.0,5,104.8
1966-07-05,6.5,77958.0,6.8,412.0,,2.28,13,68.0,-3,105.0
1966-07-06,3.9,61396.0,4.7,351.0,,1.2,13,65.0,5,109.7
1966-07-07,4.0,43307.0,5.8,306.0,,1.09,7,82.0,6,112.6
1966-07-08,12.0,108292.0,11.2,389.0,,3.19,33,96.0,0,114.4
1966-07-09,11.5,221527.0,3.3,570.0,,2.15,40,85.0,-47,107.8
1966-07-10,6.6,182424.0,2.9,553.0,,1.78,37,92.0,-37,108.1
1966-07-11,5.7,73922.0,1.7,548.0,,1.02,20,74.0,-19,109.0
1966-07-12,5.3,53611.0,3.2,468.0,,1.39,27,88.0,-29,102.7
1966-07-13,2.9,29524.0,3.8,409.0,,1.27,7,79.0,-12,100.4
1966-07-14,2.4,26914.0,6.2,350.0,,1.53,10,59.0,2,99.8
1966-07-15,4.9,30506.0,7.2,345.0,,1.71,13,48.0,11,101.1
1966-07-16,8.1,174108.0,7.2,454.0,,3.02,13,68.0,6,102.8
1966-07-17,,,,,,,23,59.0,-4,101.2
1966-07-18,4.3,,,,,,10,69.0,1,101.3
1966-07-19,4.5,,,,,,13,54.0,4,101.5
1966-07-20,5.9,74774.0,6.5,390.0,,1.99,13,92.0,3,101.8
1966-07-21,7.9,88014.0,9.7,434.0,,3.65,30,78.0,-3,103.7
1966-07-22,7.9,,,,,,17,93.0,-11,106.5
1966-07-23,7.9,,,,,,17,79.0,-5,114.9
1966-07-24,8.3,291186.0,1.5,572.0,,0.99,13,99.0,-2,120.6
1966-07-25,5.2,135078.0,2.1,446.0,,0.83,10,95.0,3,126.0
1966-07-26,5.3,114576.0,5.1,411.0,,1.72,17,105.0,4,127.6
1966-07-27,7.8,115729.0,9.3,461.0,,4.2,23,92.0,8,123.8
1966-07-28,6.9,39881.0,5.1,452.0,,2.07,23,99.0,-6,124.2
1966-07-29,7.6,36148.0,4.6,413.0,,1.57,13,108.0,0,132.9
1966-07-30,5.1,47584.0,4.5,404.0,,1.49,13,84.0,6,128.0
1966-07-31,4.2,,,,,,13,88.0,6,124.6
1966-08-01,5.4,,,,,,13,110.0,10,125.9
1966-08-02,2.8,18661.0,5.3,339.0,,1.22,3,105.0,6,119.6
1966-08-03,4.7,18864.0,5.6,334.0,,1.25,17,102.0,6,118.2
1966-08-04,5.7,92804.0,4.9,443.0,,1.88,20,96.0,-1,116.0
1966-08-05,6.1,,,,,,23,85.0,-7,110.5
1966-08-06,5.3,,,,,,17,71.0,-3,106.0
1966-08-07,5.1,,,,,,13,47.0,-2,101.5
1966-08-08,6.7,98617.0,6.5,388.0,,1.95,13,19.0,9,97.7
1966-08-09,5.8,83135.0,8.1,387.0,,2.43,20,19.0,8,96.4
1966-08-10,,94985.0,5.7,372.0,,1.56,23,0.0,2,94.3
1966-08-11,,147559.0,6.6,476.0,,3.02,27,24.0,-3,92.5
1966-08-12,,157858.0,5.5,482.0,,2.54,27,51.0,-10,92.8
1966-08-13,4.0,85217.0,3.6,484.0,,1.66,13,43.0,-4,93.2
1966-08-14,5.4,80519.0,5.7,426.0,,2.06,20,52.0,-8,92.8
1966-08-15,4.9,,,,,,13,58.0,4,93.7
1966-08-16,2.8,,,,,,10,57.0,3,95.1
1966-08-17,3.3,29383.0,3.4,323.0,,0.72,7,58.0,9,96.8
1966-08-18,7.0,36812.0,10.0,326.0,,2.17,20,55.0,7,97.5
1966-08-19,8.2,,,,,,33,47.0,-15,100.0
1966-08-20,6.0,,,,,,17,40.0,-11,101.6
1966-08-21,,,,,,,13,32.0,-1,102.7
1966-08-22,7.3,47956.0,4.5,389.0,,1.37,10,54.0,5,105.5
1966-08-23,9.9,172316.0,11.7,479.0,,5.29,37,92.0,2,114.7
1966-08-24,6.9,,,,,,30,101.0,-6,122.0
1966-08-25,4.4,,,,,,20,126.0,-1,126.3
1966-08-26,4.0,79963.0,2.8,494.0,,1.37,13,135.0,0,130.2
1966-08-27,,77360.0,2.6,461.0,,1.1,13,127.0,3,133.4
1966-08-28,4.3,,,,,,10,119.0,6,132.6
1966-08-29,5.3,47036.0,3.5,361.0,,0.91,20,126.0,11,129.8
1966-08-30,12.7,56058.0,6.8,409.0,,2.28,57,108.0,-35,126.1
1966-08-31,10.4,81289.0,2.0,664.0,,1.73,33,93.0,-48,120.9
1966-09-01,5.3,156726.0,4.7,586.0,,2.98,33,62.0,-30,116.6
1966-09-02,,140602.0,4.7,636.0,,3.8,27,62.0,-17,106.3
1966-09-03,18.3,65426.0,4.7,504.0,,2.55,53,36.0,-53,103.2
1966-09-04,11.8,178565.0,9.8,469.0,,4.31,57,26.0,-136,101.9
1966-09-05,6.0,72416.0,3.5,455.0,,1.48,23,37.0,-64,100.5
1966-09-06,6.3,89722.0,7.6,490.0,,3.66,37,43.0,-44,97.9
1966-09-07,5.3,121283.0,5.1,510.0,,2.58,30,51.0,-34,95.8
1966-09-08,5.4,190514.0,6.4,509.0,,3.27,47,54.0,-51,96.2
1966-09-09,4.2,139463.0,3.0,598.0,,2.18,33,55.0,-38,95.3
1966-09-10,3.8,108120.0,2.9,561.0,,1.86,33,52.0,-32,93.9
1966-09-11,3.3,112009.0,3.4,554.0,,2.09,17,59.0,-21,96.6
1966-09-12,4.2,44559.0,3.2,368.0,,0.9,13,54.0,-18,100.8
1966-09-13,5.2,41446.0,3.7,315.0,,0.72,10,47.0,-17,102.4
1966-09-14,8.8,72015.0,9.6,376.0,,2.81,17,50.0,-1,107.4
1966-09-15,9.8,170510.0,6.5,451.0,,2.66,33,54.0,-18,112.0
1966-09-16,6.9,,,,,,23,81.0,-17,124.6
1966-09-17,6.2,155904.0,3.0,487.0,,1.42,20,108.0,-12,129.1
1966-09-18,5.6,,,,,,7,118.0,-5,142.6
1966-09-19,8.6,90466.0,3.9,534.0,,2.3,30,108.0,-1,146.6
1966-09-20,5.9,103108.0,2.9,507.0,,1.53,37,110.0,-13,146.0
1966-09-21,5.7,100707.0,3.2,476.0,,1.5,20,126.0,-12,137.2
1966-09-22,5.1,71943.0,2.9,444.0,,1.12,17,122.0,-10,131.5
1966-09-23,9.5,55895.0,3.1,422.0,,1.1,30,101.0,-3,127.5
1966-09-24,12.0,74254.0,6.5,456.0,,2.71,27,95.0,-8,126.0
1966-09-25,,106464.0,6.9,458.0,,2.86,23,96.0,-11,118.8
1966-09-26,7.0,77802.0,7.8,446.0,,3.1,37,76.0,-16,109.4
1966-09-27,7.2,115062.0,6.7,453.0,,2.76,33,68.0,-12,102.9
1966-09-28,8.3,215545.0,3.3,544.0,,1.95,30,59.0,-22,97.9
1966-09-29,5.8,175793.0,1.7,599.0,,1.2,30,64.0,-22,98.6
1966-09-30,5.4,,,,,,30,59.0,-18,95.7
1966-10-01,,85613.0,2.0,470.0,,0.88,13,81.0,-20,101.4
1966-10-02,4.6,37002.0,2.4,396.0,,0.74,7,78.0,-14,102.0
1966-10-03,5.4,32134.0,7.7,348.0,,1.86,10,71.0,-4,103.2
1966-10-04,9.5,107353.0,15.4,381.0,,4.76,33,51.0,-4,100.6
1966-10-05,8.4,214063.0,4.2,595.0,,2.97,43,57.0,-46,100.0
1966-10-06,5.0,137921.0,2.0,578.0,,1.41,33,62.0,-33,101.9
1966-10-07,5.3,132581.0,2.9,538.0,,1.64,17,75.0,-19,103.1
1966-10-08,4.8,84716.0,2.2,431.0,,0.83,13,68.0,-20,99.4
1966-10-09,4.5,64158.0,3.0,428.0,,1.1,23,62.0,-17,103.5
1966-10-10,3.4,,,,,,7,92.0,-10,106.5
1966-10-11,3.8,,,,,,3,93.0,-5,109.8
1966-10-12,6.8,281356.0,6.2,486.0,,2.93,23,91.0,-5,114.8
1966-10-13,4.7,182618.0,2.7,462.0,,1.18,20,102.0,-7,122.8
1966-10-14,5.7,,,,,,10,91.0,-3,120.3
1966-10-15,8.6,,,,,,27,85.0,2,120.6
1966-10-16,14.3,,,,,,40,99.0,-30,120.3
1966-10-17,9.9,43173.0,5.8,385.0,,1.71,13,99.0,-20,120.5
1966-10-18,,82564.0,6.5,398.0,,2.04,10,99.0,-13,118.5
1966-10-19,4.6,,,,,,10,108.0,-8,115.6
1966-10-20,3.9,46964.0,3.4,382.0,,1.0,10,136.0,-3,124.1
1966-10-21,4.1,59122.0,4.1,362.0,,1.08,3,129.0,0,120.9
1966-10-22,4.6,38870.0,5.6,316.0,,1.12,3,118.0,4,119.8
1966-10-23,5.8,27874.0,9.1,322.0,,1.89,7,106.0,9,111.1
1966-10-24,12.3,195095.0,14.8,424.0,,5.29,23,91.0,12,106.1
1966-10-25,7.6,150088.0,7.5,493.0,,3.66,37,71.0,-13,100.8
1966-10-26,7.6,178821.0,8.9,497.0,,4.4,27,67.0,-14,97.7
1966-10-27,5.6,257930.0,1.1,629.0,,0.91,17,55.0,-13,92.0
1966-10-28,4.2,,,,,,10,51.0,-8,94.1
1966-10-29,4.2,88239.0,1.6,453.0,,0.65,10,39.0,-7,99.7
1966-10-30,5.5,56024.0,4.8,450.0,,2.09,23,39.0,5,95.7
1966-10-31,9.3,190954.0,7.9,538.0,,4.54,43,50.0,-31,97.1
1966-11-01,7.1,135244.0,4.5,547.0,,2.68,40,61.0,-34,94.6
1966-11-02,4.4,164544.0,3.6,592.0,,2.52,27,59.0,-18,96.7
1966-11-03,4.2,143327.0,2.5,597.0,,1.72,33,54.0,-18,93.1
1966-11-04,4.6,134443.0,2.1,509.0,,1.09,20,54.0,-15,91.7
1966-11-05,4.8,51991.0,3.2,416.0,,1.12,23,29.0,-18,97.9
1966-11-06,4.8,34934.0,4.3,393.0,,1.33,17,45.0,-17,104.7
1966-11-07,4.6,18204.0,2.7,343.0,,0.64,13,68.0,-13,113.4
1966-11-08,6.8,92175.0,6.3,379.0,,1.82,17,78.0,-11,116.9
1966-11-09,5.6,101457.0,5.3,387.0,,1.59,7,84.0,1,117.2
1966-11-10,7.7,174067.0,4.8,449.0,,1.93,20,89.0,-3,121.9
1966-11-11,5.8,,,,,,13,102.0,-8,126.1
1966-11-12,5.8,67769.0,4.9,437.0,,1.87,20,113.0,-7,126.2
1966-11-13,5.1,141884.0,5.7,468.0,,2.45,17,96.0,-4,126.4
1966-11-14,5.5,61331.0,6.2,385.0,,1.86,3,93.0,0,124.0
1966-11-15,5.5,35939.0,4.5,378.0,,1.27,10,93.0,0,122.6
1966-11-16,5.0,40598.0,8.0,346.0,,1.93,13,74.0,-10,121.2
1966-11-17,13.8,47446.0,10.6,378.0,,3.05,23,84.0,-1,113.2
1966-11-18,13.7,,,,,,20,81.0,1,113.4
1966-11-19,5.6,97128.0,9.6,396.0,,3.04,27,92.0,-15,111.0
1966-11-20,9.0,94543.0,8.4,372.0,,2.32,20,105.0,-2,110.9
1966-11-21,6.5,74710.0,5.0,431.0,,1.84,17,109.0,-8,110.7
1966-11-22,5.6,88975.0,4.2,402.0,,1.36,7,110.0,-2,116.5
1966-11-23,5.9,49740.0,6.1,370.0,,1.67,3,108.0,4,114.7
1966-11-24,5.5,77243.0,6.3,371.0,,1.73,13,102.0,-7,113.8
1966-11-25,8.2,,,,,,10,105.0,8,110.7
1966-11-26,5.6,57952.0,5.7,436.0,,2.15,23,95.0,1,107.3
1966-11-27,5.5,37270.0,3.9,420.0,,1.37,13,84.0,1,111.1
1966-11-28,8.5,195434.0,9.8,538.0,,5.65,30,58.0,-8,104.1
1966-11-29,6.8,128758.0,7.8,464.0,,3.38,27,52.0,-16,98.0
1966-11-30,9.0,,,,,,37,52.0,-21,94.6
1966-12-01,5.3,85420.0,4.2,481.0,,1.98,30,50.0,-22,92.2
1966-12-02,4.5,65076.0,3.1,434.0,,1.15,17,47.0,-11,95.1
1966-12-03,4.7,40778.0,8.0,373.0,,2.22,7,43.0,-1,
1966-12-04,9.5,193206.0,15.6,436.0,,5.77,33,81.0,-9,104.8
1966-12-05,8.3,219410.0,4.5,551.0,,2.7,33,98.0,-22,110.9
1966-12-06,6.0,120556.0,1.5,591.0,,1.05,17,96.0,-24,115.6
1966-12-07,5.4,,,,,,7,91.0,-9,117.7
1966-12-08,4.7,84364.0,5.9,375.0,,1.66,7,125.0,-1,123.7
1966-12-09,4.0,,,,,,7,122.0,2,146.2
1966-12-10,6.6,63695.0,7.0,383.0,,2.08,10,159.0,8,157.3
1966-12-11,5.3,82813.0,5.5,383.0,,1.63,7,177.0,6,162.8
1966-12-12,4.4,,,,,,3,184.0,7,157.6
1966-12-13,15.6,171462.0,19.3,458.0,,8.13,33,167.0,-5,155.5
1966-12-14,14.7,129802.0,9.8,558.0,,6.1,43,160.0,-36,149.5
1966-12-15,5.8,87791.0,6.0,511.0,,3.28,30,152.0,-54,144.9
1966-12-16,5.4,,,,,,20,164.0,-29,135.1
1966-12-17,4.4,47710.0,7.7,389.0,,2.33,20,125.0,-17,124.9
1966-12-18,8.3,,,,,,13,108.0,-18,111.2
1966-12-19,6.8,,,,,,7,81.0,-15,112.3
1966-12-20,6.8,128356.0,4.3,400.0,,1.37,13,65.0,-12,107.6
1966-12-21,5.8,101529.0,3.8,403.0,,1.23,27,52.0,-20,106.5
1966-12-22,,,,,,,27,48.0,-13,105.5
1966-12-23,4.8,85111.0,15.0,443.0,,5.89,20,54.0,-14,110.6
1966-12-24,7.1,207894.0,4.1,518.0,,2.18,23,64.0,-16,110.5
1966-12-25,7.9,109022.0,6.8,466.0,,2.97,30,85.0,-10,111.6
1966-12-26,7.4,217478.0,9.3,570.0,,5.96,37,92.0,-20,110.9
1966-12-27,6.8,262155.0,6.2,638.0,,5.1,43,68.0,-30,109.6
1966-12-28,5.3,,,,,,27,68.0,-22,107.5
1966-12-29,3.9,91390.0,4.5,449.0,,1.78,17,72.0,-13,109.3
1966-12-30,3.5,61352.0,3.7,433.0,,1.39,13,99.0,-11,115.1
1966-12-31,4.2,194960.0,4.5,283.0,,0.77,7,96.0,-3,120.5
1967-01-01,7.6,71485.0,14.1,410.0,,4.75,30,103.0,-5,124.4
1967-01-02,9.5,,,,,,17,136.0,-15,143.0
1967-01-03,,173680.0,3.1,486.0,,1.49,20,176.0,-11,154.0
1967-01-04,4.3,101169.0,1.6,449.0,,0.65,3,210.0,-7,160.7
1967-01-05,3.8,,,,,,7,212.0,-4,168.2
1967-01-06,8.5,30587.0,14.4,365.0,,3.85,13,210.0,11,160.5
1967-01-07,15.8,,,,,,33,190.0,-10,153.6
1967-01-08,24.2,85484.0,10.3,434.0,,3.91,50,164.0,-97,142.9
1967-01-09,9.5,,,,,,27,157.0,-42,144.7
1967-01-10,7.3,,,,,,10,157.0,-29,145.6
1967-01-11,3.5,51404.0,6.4,468.0,,2.76,30,147.0,-22,139.8
1967-01-12,4.5,24788.0,5.8,371.0,,1.6,3,137.0,-21,139.1
1967-01-13,18.9,106562.0,13.0,396.0,,4.33,33,132.0,-4,138.1
1967-01-14,11.3,32034.0,6.0,459.0,,2.38,40,120.0,-110,135.2
1967-01-15,5.8,61412.0,1.8,470.0,,0.8,20,85.0,-50,126.6
1967-01-16,4.8,66744.0,3.0,429.0,,1.1,20,79.0,-38,120.2
1967-01-17,6.6,19622.0,4.1,367.0,,1.09,10,84.0,-23,116.9
1967-01-18,5.6,38838.0,9.3,352.0,,2.32,13,102.0,-11,117.4
1967-01-19,5.0,49113.0,9.4,335.0,,2.09,13,116.0,-12,116.4
1967-01-20,7.0,59316.0,11.8,335.0,,2.65,27,130.0,-29,127.0
1967-01-21,5.8,67815.0,7.7,309.0,,1.47,20,177.0,-30,138.2
1967-01-22,5.8,83170.0,7.9,310.0,,1.52,10,198.0,-13,139.9
1967-01-23,5.8,50452.0,6.8,376.0,,1.88,13,215.0,-3,148.8
1967-01-24,3.5,69260.0,5.6,323.0,,1.18,3,173.0,-2,146.8
1967-01-25,6.7,31250.0,9.3,350.0,,2.3,13,188.0,4,142.7
1967-01-26,5.6,73086.0,3.6,386.0,,0.99,10,193.0,1,154.3
1967-01-27,6.6,43935.0,7.4,350.0,,1.8,10,184.0,12,158.3
1967-01-28,6.5,81786.0,6.3,395.0,,1.89,23,177.0,-10,156.2
1967-01-29,4.7,52357.0,5.0,398.0,,1.6,10,173.0,0,158.2
1967-01-30,3.6,45508.0,3.2,368.0,,0.87,7,187.0,-5,159.0
1967-01-31,4.4,30383.0,4.5,333.0,,0.99,7,156.0,2,156.4
1967-02-01,7.3,37767.0,5.6,353.0,,1.41,10,132.0,-4,151.6
1967-02-02,6.0,78501.0,6.1,298.0,,1.08,7,125.0,-1,143.5
1967-02-03,6.4,65884.0,9.8,293.0,,1.75,7,130.0,5,138.7
1967-02-04,8.7,78594.0,10.0,350.0,,2.23,23,142.0,3,137.3
1967-02-05,8.8,80192.0,9.6,409.0,,3.08,27,102.0,-11,146.8
1967-02-06,8.2,78798.0,5.9,389.0,,1.71,17,126.0,-8,148.8
1967-02-07,13.0,120397.0,9.7,440.0,,4.19,30,195.0,-14,162.5
1967-02-08,11.8,169664.0,8.4,558.0,,5.29,47,154.0,-67,148.3
1967-02-09,4.1,85617.0,2.0,535.0,,1.31,17,159.0,-38,145.9
1967-02-10,5.8,50066.0,1.7,442.0,,0.65,3,137.0,-25,140.5
1967-02-11,5.4,103111.0,3.5,482.0,,1.61,23,136.0,-20,133.7
1967-02-12,4.9,37474.0,4.7,404.0,,1.52,7,112.0,-7,132.9
1967-02-13,6.9,31137.0,3.8,358.0,,0.99,10,109.0,-10,130.0
1967-02-14,,28174.0,4.7,342.0,,1.11,10,82.0,-15,129.2
1967-02-15,6.0,58946.0,8.6,317.0,,1.71,10,82.0,-5,126.4
1967-02-16,15.8,192929.0,11.1,540.0,,6.13,50,85.0,-53,124.9
1967-02-17,3.9,52506.0,2.7,497.0,,1.33,30,85.0,-60,122.2
1967-02-18,3.8,47654.0,1.8,438.0,,0.68,13,99.0,-36,124.2
1967-02-19,5.3,47356.0,3.9,401.0,,1.32,13,95.0,-22,121.0
1967-02-20,5.3,51498.0,4.5,404.0,,1.46,13,105.0,-15,128.6
1967-02-21,5.6,33953.0,6.9,359.0,,1.8,13,116.0,-15,131.8
1967-02-22,6.5,39362.0,8.1,353.0,,1.96,17,122.0,-18,146.0
1967-02-23,8.8,78597.0,10.3,400.0,,3.22,27,119.0,-25,149.3
1967-02-24,5.9,114493.0,4.7,396.0,,1.45,10,142.0,-28,162.2
1967-02-25,8.3,123594.0,7.0,454.0,,2.82,27,150.0,-15,159.5
1967-02-26,5.7,100906.0,2.8,489.0,,1.35,23,174.0,-24,173.3
1967-02-27,4.0,37938.0,2.4,444.0,,0.94,13,263.0,-12,176.7
1967-02-28,4.0,48857.0,4.0,391.0,,1.2,13,235.0,-1,180.2
1967-03-01,,55832.0,6.1,365.0,,1.64,13,244.0,-3,194.2
1967-03-02,5.7,77613.0,5.0,344.0,,1.19,10,253.0,-6,197.8
1967-03-03,6.0,48170.0,12.6,353.0,,3.2,20,270.0,4,196.4
1967-03-04,8.6,42453.0,9.6,368.0,,2.59,13,244.0,2,205.9
1967-03-05,7.6,51763.0,5.9,389.0,,1.79,23,232.0,-8,179.2
1967-03-06,5.2,44618.0,4.6,402.0,,1.5,20,222.0,-9,177.4
1967-03-07,6.4,55942.0,8.2,374.0,,2.28,13,194.0,3,163.8
1967-03-08,5.5,40633.0,6.3,367.0,,1.71,3,139.0,5,156.1
1967-03-09,7.9,98378.0,4.1,404.0,,1.31,23,120.0,-4,157.9
1967-03-10,5.4,48662.0,3.7,389.0,,1.1,17,130.0,-13,148.4
1967-03-11,3.4,47102.0,5.3,342.0,,1.27,3,126.0,-1,141.6
1967-03-12,5.1,34216.0,4.8,320.0,,1.0,3,98.0,2,134.3
1967-03-13,6.6,41007.0,7.9,327.0,,1.66,13,75.0,2,129.1
1967-03-14,5.8,30781.0,6.8,285.0,,1.1,13,71.0,0,127.2
1967-03-15,5.5,19704.0,6.2,286.0,,1.02,3,74.0,4,132.4
1967-03-16,,21131.0,15.4,270.0,,2.24,7,82.0,15,132.1
1967-03-17,5.9,35955.0,9.7,308.0,,1.89,13,105.0,14,132.6
1967-03-18,7.4,47712.0,24.3,338.0,,5.67,30,106.0,-4,132.2
1967-03-19,9.1,214157.0,7.8,494.0,,3.67,37,103.0,-24,136.0
1967-03-20,6.5,124537.0,4.0,478.0,,1.83,27,122.0,-28,140.4
1967-03-21,4.5,89198.0,2.9,457.0,,1.21,20,130.0,-20,147.2
1967-03-22,3.8,28826.0,2.1,373.0,,0.58,10,153.0,-14,149.5
1967-03-23,4.5,21068.0,4.5,348.0,,1.07,10,157.0,2,155.7
1967-03-24,5.2,48457.0,6.4,356.0,,1.59,7,171.0,4,161.9
1967-03-25,4.2,36833.0,7.0,359.0,,1.8,10,185.0,6,169.2
1967-03-26,3.9,41004.0,16.7,360.0,,4.32,10,194.0,12,163.9
1967-03-27,9.4,108869.0,8.5,422.0,,2.91,33,173.0,0,162.8
1967-03-28,5.6,168788.0,3.7,484.0,,1.69,20,183.0,-10,180.7
1967-03-29,5.0,76932.0,3.0,430.0,,1.1,17,188.0,-4,178.4
1967-03-30,4.6,52094.0,4.1,424.0,,1.47,23,187.0,-3,175.8
1967-03-31,4.2,37283.0,2.9,346.0,,0.7,7,177.0,-8,167.6
1967-04-01,4.9,51491.0,9.9,345.0,,2.78,30,149.0,-4,158.6
1967-04-02,,66578.0,8.7,390.0,,2.42,23,116.0,-15,141.0
1967-04-03,,58096.0,3.4,421.0,,1.22,10,89.0,-3,133.3
1967-04-04,,197090.0,12.4,482.0,,6.34,27,85.0,-1,125.0
1967-04-05,5.5,126853.0,2.2,534.0,,1.26,23,96.0,-14,122.1
1967-04-06,6.0,96029.0,3.6,478.0,,1.65,27,102.0,-10,119.0
1967-04-07,4.9,88695.0,3.9,424.0,,1.41,20,122.0,-5,126.2
1967-04-08,4.5,81122.0,3.6,397.0,,1.13,13,153.0,-6,135.7
1967-04-09,5.2,39835.0,3.6,337.0,,0.82,13,125.0,-3,133.3
1967-04-10,6.2,38625.0,4.4,353.0,,1.1,13,96.0,-1,130.3
1967-04-11,5.0,57638.0,3.8,316.0,,0.76,10,88.0,-3,131.1
1967-04-12,3.8,27168.0,4.6,298.0,,0.81,10,72.0,-5,129.8
1967-04-13,2.6,14792.0,4.9,280.0,,0.77,7,89.0,4,126.8
1967-04-14,5.9,25892.0,11.0,292.0,,1.9,7,68.0,15,133.5
1967-04-15,6.0,32707.0,8.4,310.0,,1.68,10,72.0,10,124.1
1967-04-16,7.7,62409.0,8.8,352.0,,2.15,23,45.0,-2,126.1
1967-04-17,7.5,46198.0,9.1,360.0,,2.39,20,59.0,-11,125.9
1967-04-18,7.0,71096.0,5.7,344.0,,1.36,17,82.0,-11,128.7
1967-04-19,,91218.0,3.4,432.0,,1.25,33,79.0,-33,126.7
1967-04-20,,83370.0,3.6,428.0,,1.32,17,74.0,-18,127.1
1967-04-21,,91592.0,4.3,388.0,,1.29,20,91.0,-23,134.0
1967-04-22,,47589.0,7.1,402.0,,2.3,33,108.0,-22,131.5
1967-04-23,14.8,139136.0,14.7,437.0,,5.62,30,139.0,-6,128.0
1967-04-24,7.2,223610.0,5.8,668.0,,4.98,40,118.0,-28,130.5
1967-04-25,3.4,126498.0,1.2,637.0,,1.01,17,120.0,-15,132.9
1967-04-26,2.8,49950.0,1.6,435.0,,0.6,7,93.0,-2,125.4
1967-04-27,3.1,46021.0,2.2,397.0,,0.68,7,93.0,3,129.2
1967-04-28,4.5,48882.0,4.9,353.0,,1.23,7,115.0,6,135.1
1967-04-29,7.2,68194.0,9.8,335.0,,2.23,13,112.0,8,137.5
1967-04-30,7.9,85261.0,6.1,370.0,,1.67,10,103.0,10,135.3
1967-05-01,6.7,108156.0,10.4,410.0,,4.45,27,115.0,8,136.6
1967-05-02,14.3,121926.0,29.0,491.0,,13.71,37,112.0,-5,131.8
1967-05-03,14.5,66093.0,6.8,409.0,,2.29,60,88.0,-96,
1967-05-04,8.1,88323.0,4.9,435.0,,1.79,27,88.0,-56,125.8
1967-05-05,,,,,,,23,96.0,-39,128.1
1967-05-06,,83500.0,3.6,400.0,,1.15,17,69.0,-26,122.8
1967-05-07,,86559.0,9.9,419.0,,3.54,23,58.0,-24,119.7
1967-05-08,,42814.0,3.5,384.0,,1.02,13,26.0,-19,116.9
1967-05-09,7.5,61137.0,3.6,386.0,,1.07,13,36.0,-13,113.6
1967-05-10,6.4,85730.0,6.1,390.0,,1.84,17,25.0,-5,109.4
1967-05-11,6.5,77498.0,7.5,426.0,,2.41,23,36.0,-7,106.1
1967-05-12,6.1,113868.0,12.2,442.0,,4.3,27,48.0,-6,109.7
1967-05-13,6.7,67680.0,7.1,423.0,,2.14,27,48.0,-15,107.3
1967-05-14,6.7,43894.0,9.9,420.0,,3.12,23,57.0,-11,108.6
1967-05-15,5.5,36934.0,4.9,357.0,,1.15,17,61.0,-22,111.0
1967-05-16,4.8,31655.0,5.7,349.0,,1.24,17,62.0,-5,113.1
1967-05-17,6.7,92043.0,6.1,429.0,,2.11,27,62.0,-17,115.4
1967-05-18,6.0,94943.0,4.7,423.0,,1.53,17,78.0,-5,124.8
1967-05-19,,,,438.0,,,20,99.0,-11,135.6
1967-05-20,,57169.0,2.8,410.0,,0.97,13,113.0,-7,146.3
1967-05-21,,,,375.0,,,13,140.0,-2,160.3
1967-05-22,,,,370.0,,,7,167.0,0,182.7
1967-05-23,,25936.0,12.2,352.0,,2.63,17,205.0,16,194.0
1967-05-24,,86077.0,14.5,373.0,,4.64,23,225.0,10,200.9
1967-05-25,,85673.0,11.5,579.0,,5.41,53,232.0,-30,210.7
1967-05-26,10.2,84734.0,4.1,657.0,,3.53,63,246.0,-240,218.9
1967-05-27,7.0,31913.0,1.6,556.0,,0.91,33,275.0,-91,213.8
1967-05-28,9.0,,,608.0,,,50,279.0,-72,202.6
1967-05-29,,,,484.0,,,43,232.0,-95,188.3
1967-05-30,3.4,79258.0,9.4,509.0,,4.99,40,212.0,-51,177.4
1967-05-31,9.9,100230.0,7.0,543.0,,4.42,40,208.0,-77,175.4
1967-06-01,,,,,,,10,195.0,-55,174.6
1967-06-02,,,,,,,20,167.0,-45,158.0
1967-06-03,4.5,97733.0,4.3,450.0,,1.63,17,144.0,-34,150.4
1967-06-04,4.4,44150.0,7.0,398.0,,2.15,23,147.0,-35,148.4
1967-06-05,5.5,49604.0,11.5,425.0,,3.36,33,127.0,-25,138.7
1967-06-06,,175597.0,10.8,527.0,,5.83,37,113.0,-99,130.5
1967-06-07,6.8,63562.0,5.7,503.0,,2.06,23,84.0,-76,119.1
1967-06-08,6.8,126191.0,6.5,486.0,,2.97,27,61.0,-40,110.1
1967-06-09,4.0,104948.0,4.1,515.0,,2.18,27,37.0,-40,103.7
1967-06-10,,44560.0,4.4,385.0,,1.32,17,31.0,-30,97.1
1967-06-11,,80455.0,3.4,376.0,,1.28,13,29.0,-20,96.9
1967-06-12,5.5,60976.0,5.9,358.0,,1.5,13,28.0,-22,96.5
1967-06-13,5.3,81758.0,5.8,401.0,,1.82,17,28.0,-11,99.8
1967-06-14,7.4,110577.0,8.2,420.0,,2.9,30,29.0,-22,103.8
1967-06-15,,131672.0,7.4,456.0,,2.89,17,50.0,-22,107.2
1967-06-16,5.5,84384.0,4.1,417.0,,1.43,17,58.0,-15,111.8
1967-06-17,5.3,118833.0,5.0,456.0,,2.04,20,81.0,-15,112.0
1967-06-18,4.5,93462.0,3.2,423.0,,1.2,10,91.0,-16,115.4
1967-06-19,,30547.0,9.0,359.0,,2.16,10,95.0,-5,119.0
1967-06-20,3.8,66287.0,3.5,384.0,,1.06,10,119.0,-5,121.3
1967-06-21,4.4,36751.0,9.1,331.0,,1.91,10,112.0,1,122.9
1967-06-22,4.3,45522.0,8.4,334.0,,1.89,13,118.0,-1,129.6
1967-06-23,1.9,39394.0,10.3,325.0,,2.06,10,113.0,3,133.1
1967-06-24,3.3,28607.0,13.9,291.0,,2.33,10,140.0,1,132.4
1967-06-25,10.6,58747.0,18.9,365.0,,5.12,33,136.0,1,133.1
1967-06-26,5.3,75782.0,15.2,424.0,,5.48,33,112.0,-29,127.8
1967-06-27,8.8,78906.0,7.2,448.0,,2.5,30,86.0,-42,131.5
1967-06-28,,,,484.0,,,20,113.0,-31,136.7
1967-06-29,6.3,86043.0,4.2,428.0,,1.52,20,92.0,-23,133.4
1967-06-30,7.9,103516.0,5.3,473.0,,2.35,30,126.0,-20,126.1
1967-07-01,7.9,58322.0,3.0,437.0,,1.14,30,120.0,-33,125.0
1967-07-02,,,,385.0,,,13,126.0,-25,125.7
1967-07-03,4.6,40314.0,4.5,336.0,,0.98,7,130.0,-13,129.6
1967-07-04,5.0,52048.0,8.3,343.0,,1.96,17,135.0,-6,127.2
1967-07-05,7.1,82401.0,4.9,360.0,,1.2,30,139.0,-30,123.7
1967-07-06,,,,,,,17,137.0,-25,116.6
1967-07-07,3.6,56305.0,4.7,433.0,,1.67,23,116.0,-22,116.0
1967-07-08,4.1,49757.0,3.9,361.0,,1.03,10,116.0,-12,111.8
1967-07-09,3.1,36929.0,6.7,323.0,,1.38,7,119.0,-3,109.7
1967-07-10,3.3,48010.0,12.2,315.0,,2.34,7,95.0,10,105.8
1967-07-11,,408382.0,2.1,473.0,,1.77,37,75.0,-2,107.1
1967-07-12,6.0,263030.0,1.3,681.0,,1.22,20,85.0,-9,106.1
1967-07-13,5.2,176875.0,1.6,571.0,,1.02,17,75.0,-6,113.8
1967-07-14,5.7,85356.0,2.7,487.0,,1.3,17,99.0,-9,122.4
1967-07-15,,,,468.0,,,17,123.0,-1,127.6
1967-07-16,3.6,71165.0,3.5,400.0,,1.11,10,113.0,-7,130.1
1967-07-17,4.7,44115.0,7.0,358.0,,1.76,10,106.0,2,129.6
1967-07-18,7.3,117364.0,5.7,421.0,,1.88,17,110.0,1,131.3
1967-07-19,4.7,88285.0,3.1,434.0,,1.12,10,88.0,-4,128.6
1967-07-20,5.5,57605.0,7.4,339.0,,1.7,13,59.0,1,135.5
1967-07-21,4.1,55001.0,6.8,334.0,,1.53,13,89.0,0,140.2
1967-07-22,3.8,31026.0,10.1,335.0,,2.26,7,103.0,10,152.4
1967-07-23,5.8,23243.0,15.4,364.0,,3.01,23,132.0,5,161.8
1967-07-24,4.5,85480.0,3.9,430.0,,1.37,20,139.0,-16,176.4
1967-07-25,5.0,84521.0,4.4,423.0,,1.57,23,153.0,-12,195.5
1967-07-26,5.4,88935.0,3.8,410.0,,1.29,13,167.0,-10,199.9
1967-07-27,4.8,55864.0,3.9,366.0,,1.06,10,174.0,-7,213.2
1967-07-28,7.4,72517.0,8.8,394.0,,2.74,23,222.0,1,213.1
1967-07-29,8.6,124020.0,3.9,483.0,,1.92,23,219.0,-11,215.7
1967-07-30,8.8,98462.0,1.9,374.0,,0.61,23,234.0,-39,211.6
1967-07-31,7.2,150418.0,0.6,332.0,,0.12,3,215.0,-28,188.9
1967-08-01,7.3,64817.0,2.2,392.0,,0.68,10,197.0,-7,176.6
1967-08-02,7.6,42589.0,2.2,362.0,,0.59,7,178.0,-4,166.7
1967-08-03,6.0,48801.0,2.4,353.0,,0.59,7,160.0,-2,163.5
1967-08-04,5.4,58452.0,5.2,359.0,,1.35,20,135.0,-2,149.3
1967-08-05,5.8,58121.0,6.4,375.0,,1.79,20,146.0,-5,155.4
1967-08-06,6.5,66739.0,5.9,358.0,,1.51,17,150.0,2,155.4
1967-08-07,6.4,125822.0,5.4,386.0,,1.62,20,139.0,-4,150.2
1967-08-08,5.2,56456.0,8.1,380.0,,2.36,23,169.0,-5,143.4
1967-08-09,4.5,59733.0,6.1,359.0,,1.57,17,152.0,4,141.2
1967-08-10,7.4,99230.0,4.5,397.0,,1.43,27,129.0,-7,136.7
1967-08-11,9.2,198946.0,6.5,547.0,,3.61,37,133.0,-2,136.2
1967-08-12,3.3,85891.0,1.8,550.0,,1.09,17,109.0,-13,138.9
1967-08-13,4.9,103222.0,2.4,470.0,,1.05,13,106.0,-8,137.5
1967-08-14,5.2,79680.0,3.5,407.0,,1.14,23,93.0,-13,130.0
1967-08-15,6.4,84951.0,4.4,429.0,,1.62,17,86.0,-6,127.4
1967-08-16,7.1,119872.0,5.1,437.0,,1.98,20,109.0,-5,132.9
1967-08-17,8.1,184507.0,5.4,585.0,,3.63,33,135.0,-4,148.3
1967-08-18,10.6,121545.0,3.5,573.0,,2.29,30,161.0,-14,157.1
1967-08-19,5.7,137920.0,2.5,607.0,,1.78,23,156.0,-8,172.3
1967-08-20,4.7,138718.0,2.1,576.0,,1.38,23,160.0,-5,172.9
1967-08-21,4.3,114944.0,2.0,497.0,,0.96,17,170.0,-1,178.8
1967-08-22,4.4,95084.0,2.7,428.0,,0.99,13,174.0,2,178.5
1967-08-23,6.3,43874.0,7.1,382.0,,2.08,13,173.0,1,178.3
1967-08-24,8.0,53432.0,8.5,361.0,,2.21,20,173.0,-1,169.9
1967-08-25,10.7,125604.0,6.5,394.0,,1.96,30,184.0,-7,170.8
1967-08-26,5.7,142242.0,3.0,465.0,,1.3,23,177.0,-6,172.0
1967-08-27,5.9,120565.0,2.4,460.0,,1.01,20,171.0,-13,171.2
1967-08-28,5.8,62131.0,2.0,439.0,,0.75,17,169.0,-8,169.9
1967-08-29,6.0,63870.0,2.6,429.0,,0.98,20,157.0,-3,172.7
1967-08-30,4.6,79820.0,3.3,465.0,,1.44,23,171.0,-8,164.0
1967-08-31,5.3,82093.0,5.4,416.0,,1.88,23,183.0,-8,165.7
1967-09-01,8.4,156320.0,6.2,466.0,,2.53,37,174.0,-20,160.5
1967-09-02,6.0,144769.0,2.4,518.0,,1.29,30,163.0,-25,156.6
1967-09-03,5.1,99008.0,2.0,472.0,,0.9,17,169.0,-16,147.0
1967-09-04,4.2,94185.0,2.1,436.0,,0.81,17,171.0,-14,140.9
1967-09-05,3.6,70651.0,3.1,379.0,,0.88,10,177.0,-7,138.7
1967-09-06,3.6,40616.0,6.6,335.0,,1.45,13,170.0,-2,133.8
1967-09-07,7.5,89207.0,6.4,381.0,,1.87,17,154.0,2,128.4
1967-09-08,7.2,141170.0,6.8,393.0,,2.09,20,147.0,-6,133.9
1967-09-09,5.2,71506.0,3.7,390.0,,1.13,23,140.0,-17,131.5
1967-09-10,6.9,53736.0,4.4,359.0,,1.12,7,135.0,-8,133.6
1967-09-11,7.6,65589.0,5.1,331.0,,1.11,7,109.0,3,131.8
1967-09-12,6.5,84375.0,7.4,342.0,,1.71,10,112.0,7,131.7
1967-09-13,14.5,199042.0,9.6,468.0,,3.44,40,92.0,-15,127.6
1967-09-14,5.2,99588.0,2.2,536.0,,1.26,27,72.0,-25,128.0
1967-09-15,5.3,121888.0,3.4,535.0,,1.94,27,51.0,-13,130.4
1967-09-16,4.6,111971.0,2.9,499.0,,1.43,23,55.0,-14,126.4
1967-09-17,5.4,117163.0,3.4,510.0,,1.82,13,62.0,-9,126.7
1967-09-18,7.4,74525.0,3.5,459.0,,1.51,23,71.0,-10,128.7
1967-09-19,7.3,101217.0,4.9,463.0,,2.37,33,84.0,-19,127.7
1967-09-20,10.7,179632.0,6.3,589.0,,4.18,47,89.0,-26,130.6
1967-09-21,8.4,,,,,,60,95.0,-80,126.6
1967-09-22,7.2,99973.0,1.9,589.0,,1.3,20,88.0,-45,124.6
1967-09-23,5.1,76760.0,3.1,456.0,,1.26,7,78.0,-27,123.8
1967-09-24,5.1,77623.0,3.3,406.0,,1.07,17,72.0,-23,131.8
1967-09-25,4.8,83081.0,3.4,403.0,,1.11,13,86.0,-16,134.1
1967-09-26,5.3,56288.0,3.5,370.0,,0.95,10,75.0,-15,134.4
1967-09-27,4.8,62393.0,6.3,358.0,,1.62,13,71.0,-10,137.3
1967-09-28,11.1,150824.0,10.4,463.0,,4.37,43,101.0,-42,134.6
1967-09-29,7.4,201557.0,3.5,593.0,,2.4,50,93.0,-71,131.7
1967-09-30,4.9,196082.0,1.6,632.0,,1.31,43,105.0,-54,131.7
1967-10-01,3.4,77558.0,2.1,523.0,,1.15,20,108.0,-34,139.7
1967-10-02,3.6,70719.0,3.3,412.0,,1.11,13,109.0,-24,135.0
1967-10-03,5.1,54378.0,8.2,376.0,,2.32,17,135.0,-16,131.5
1967-10-04,7.1,128372.0,2.0,440.0,,0.72,10,139.0,-17,129.9
1967-10-05,5.8,78692.0,3.0,386.0,,0.89,17,146.0,-17,125.7
1967-10-06,4.5,63238.0,4.3,373.0,,1.21,17,139.0,-15,129.9
1967-10-07,5.9,37707.0,6.4,357.0,,1.63,17,130.0,-12,125.8
1967-10-08,8.7,46858.0,11.2,385.0,,3.59,20,108.0,-3,121.5
1967-10-09,8.6,101517.0,4.3,466.0,,1.83,30,113.0,-13,122.1
1967-10-10,8.2,252058.0,3.5,597.0,,2.37,43,116.0,-49,127.3
1967-10-11,6.7,201461.0,2.5,572.0,,1.62,23,127.0,-29,136.5
1967-10-12,6.5,181442.0,2.1,589.0,,1.46,30,92.0,-30,135.4
1967-10-13,4.6,156394.0,1.8,549.0,,1.11,20,78.0,-29,130.8
1967-10-14,7.1,130883.0,4.1,522.0,,2.28,27,89.0,-18,127.8
1967-10-15,7.4,85874.0,5.1,531.0,,2.89,17,67.0,-7,122.6
1967-10-16,5.6,141417.0,2.4,549.0,,1.44,13,58.0,-10,118.0
1967-10-17,6.9,186889.0,3.1,527.0,,1.73,23,54.0,-12,117.3
1967-10-18,5.1,225037.0,3.4,508.0,,1.71,17,71.0,-13,113.3
1967-10-19,3.9,89487.0,2.7,438.0,,1.05,10,88.0,-8,119.3
1967-10-20,6.4,60395.0,3.5,405.0,,1.15,7,118.0,-1,131.2
1967-10-21,4.7,71712.0,2.9,389.0,,0.87,0,113.0,0,130.1
1967-10-22,7.1,62756.0,9.9,362.0,,2.59,13,120.0,9,137.3
1967-10-23,5.0,69356.0,7.9,374.0,,2.25,20,143.0,-7,139.4
1967-10-24,5.7,68952.0,6.6,357.0,,1.67,10,132.0,-7,141.3
1967-10-25,4.2,76452.0,3.8,356.0,,0.97,7,161.0,-6,142.1
1967-10-26,4.0,82867.0,9.5,313.0,,1.76,7,177.0,3,148.2
1967-10-27,9.7,112461.0,10.1,369.0,,2.47,23,177.0,-1,161.1
1967-10-28,9.9,92556.0,7.8,460.0,,3.45,37,221.0,-21,177.0
1967-10-29,11.0,87112.0,8.6,532.0,,4.89,37,194.0,-15,163.4
1967-10-30,6.2,121522.0,3.9,514.0,,2.26,23,187.0,-28,159.5
1967-10-31,6.1,43682.0,4.0,474.0,,1.79,13,164.0,-9,148.6
1967-11-01,7.4,41379.0,5.4,423.0,,1.86,7,163.0,-2,140.3
1967-11-02,6.5,46430.0,4.7,367.0,,1.27,23,173.0,-19,140.9
1967-11-03,9.6,82226.0,6.4,403.0,,2.16,33,160.0,-24,137.5
1967-11-04,7.3,102659.0,5.1,412.0,,1.72,20,156.0,-22,130.5
1967-11-05,5.8,85024.0,3.2,462.0,,1.36,23,129.0,-23,121.8
1967-11-06,3.6,74839.0,4.4,405.0,,1.42,10,72.0,-9,119.6
1967-11-07,6.1,75241.0,8.0,385.0,,2.38,7,68.0,3,113.1
1967-11-08,10.7,142724.0,6.2,452.0,,2.6,33,39.0,-12,112.8
1967-11-09,6.5,174400.0,2.7,556.0,,1.62,23,48.0,-25,111.1
1967-11-10,5.0,110629.0,2.0,503.0,,1.02,10,58.0,-12,117.3
1967-11-11,7.7,96643.0,5.0,458.0,,2.21,23,54.0,-2,124.1
1967-11-12,6.9,174335.0,3.6,582.0,,2.42,37,79.0,-24,132.7
1967-11-13,5.6,180756.0,4.8,607.0,,3.33,33,109.0,-18,134.7
1967-11-14,4.4,115610.0,3.4,527.0,,1.83,23,135.0,-11,136.9
1967-11-15,5.0,97158.0,2.9,472.0,,1.28,20,139.0,-14,142.9
1967-11-16,5.4,146522.0,3.0,498.0,,1.47,20,169.0,-11,151.8
1967-11-17,5.0,99194.0,2.4,463.0,,1.07,3,171.0,-7,154.9
1967-11-18,4.6,68195.0,2.5,415.0,,0.77,7,190.0,-3,156.9
1967-11-19,5.0,57724.0,3.8,372.0,,1.04,7,185.0,1,166.7
1967-11-20,3.7,47432.0,5.7,329.0,,1.22,3,164.0,3,166.0
1967-11-21,4.1,41017.0,23.3,301.0,,4.3,10,135.0,17,161.4
1967-11-22,8.4,102976.0,11.9,397.0,,3.56,23,130.0,-4,159.4
1967-11-23,6.9,102424.0,5.8,483.0,,2.63,20,146.0,1,156.6
1967-11-24,8.5,89688.0,3.0,460.0,,1.31,33,153.0,-25,152.6
1967-11-25,5.3,80281.0,2.8,424.0,,1.01,23,181.0,-23,154.7
1967-11-26,5.3,70482.0,3.4,400.0,,1.11,20,154.0,-14,157.9
1967-11-27,8.0,57127.0,5.2,409.0,,1.8,20,149.0,-10,155.0
1967-11-28,7.0,105633.0,2.5,361.0,,0.65,30,159.0,-36,157.2
1967-11-29,9.5,103775.0,6.1,454.0,,2.56,27,166.0,-13,150.3
1967-11-30,8.9,134479.0,5.8,445.0,,2.3,27,174.0,-11,144.4
1967-12-01,8.7,66716.0,4.9,460.0,,2.06,43,185.0,-34,140.0
1967-12-02,6.7,52015.0,3.6,439.0,,1.39,27,178.0,-42,131.5
1967-12-03,6.9,70334.0,3.5,376.0,,1.01,20,126.0,-27,120.5
1967-12-04,5.3,59063.0,7.0,389.0,,2.05,17,112.0,-15,126.3
1967-12-05,8.7,122104.0,6.3,473.0,,2.66,23,112.0,-2,121.6
1967-12-06,9.3,191654.0,4.9,577.0,,3.31,33,126.0,-13,130.3
1967-12-07,7.2,205598.0,2.5,703.0,,2.47,33,178.0,-21,127.6
1967-12-08,6.0,220028.0,1.9,750.0,,2.16,37,185.0,-16,129.6
1967-12-09,4.5,106022.0,1.4,673.0,,1.24,23,166.0,-19,130.0
1967-12-10,4.0,205215.0,1.2,623.0,,0.93,17,161.0,-13,127.7
1967-12-11,4.3,241719.0,0.9,566.0,,0.57,7,187.0,-14,136.6
1967-12-12,5.4,,,,,,17,191.0,-11,139.1
1967-12-13,4.8,,,465.0,,,13,194.0,-2,143.0
1967-12-14,3.7,,,445.0,,,10,198.0,-2,153.4
1967-12-15,8.9,48289.0,12.0,393.0,,3.7,23,214.0,6,164.3
1967-12-16,13.8,34237.0,12.9,387.0,,3.92,20,227.0,11,181.3
1967-12-17,,,,,,,23,244.0,-26,202.0
1967-12-18,,,,500.0,,,33,241.0,-22,212.4
1967-12-19,8.8,,,588.0,,,40,183.0,-34,205.4
1967-12-20,7.3,,,,,,40,200.0,-43,201.5
1967-12-21,5.3,73371.0,6.1,606.0,,4.48,30,184.0,-17,198.0
1967-12-22,6.1,150768.0,5.3,525.0,,2.9,27,149.0,-15,182.3
1967-12-23,5.2,83900.0,2.3,533.0,,1.33,30,143.0,-29,164.0
1967-12-24,3.9,41945.0,1.9,447.0,,0.79,13,129.0,-20,152.9
1967-12-25,4.8,52569.0,2.8,365.0,,0.76,7,157.0,-15,159.4
1967-12-26,7.8,75017.0,2.1,366.0,,0.57,17,201.0,-19,165.3
1967-12-27,7.6,125525.0,2.4,392.0,,0.75,20,198.0,-19,177.0
1967-12-28,7.7,94995.0,4.1,378.0,,1.16,13,234.0,-8,184.1
1967-12-29,5.9,98978.0,2.1,416.0,,0.74,13,200.0,-11,176.5
1967-12-30,10.0,67314.0,5.3,463.0,,2.25,23,176.0,0,158.9
1967-12-31,14.6,86248.0,3.0,410.0,,1.04,53,169.0,-68,152.6
1968-01-01,10.9,62047.0,5.7,379.0,,1.71,37,169.0,-71,171.4
1968-01-02,11.4,109978.0,5.7,440.0,,2.23,40,174.0,-70,171.8
1968-01-03,7.6,102300.0,4.0,413.0,,1.35,20,181.0,-50,179.3
1968-01-04,5.3,53945.0,4.1,385.0,,1.21,17,194.0,-31,183.8
1968-01-05,9.3,81387.0,9.1,377.0,,2.59,23,215.0,-19,191.2
1968-01-06,8.4,114695.0,4.7,526.0,,2.39,30,212.0,-26,209.7
1968-01-07,4.4,77618.0,2.2,536.0,,1.3,20,232.0,-22,223.9
1968-01-08,3.0,59313.0,2.6,476.0,,1.15,13,258.0,-14,230.2
1968-01-09,3.7,58598.0,3.9,392.0,,1.19,7,283.0,-8,222.0
1968-01-10,5.0,72168.0,4.1,393.0,,1.27,13,280.0,-9,208.3
1968-01-11,7.3,,,405.0,,,20,218.0,-5,202.5
1968-01-12,10.6,,,448.0,,,27,204.0,-22,198.9
1968-01-13,6.0,32988.0,1.2,422.0,,0.44,23,197.0,-25,197.2
1968-01-14,7.7,79425.0,2.4,368.0,,0.63,23,152.0,-25,187.0
1968-01-15,6.5,79537.0,2.8,349.0,,0.68,23,133.0,-26,176.6
1968-01-16,,,,397.0,,,27,110.0,-22,160.8
1968-01-17,9.5,28026.0,5.4,433.0,,2.02,27,96.0,-14,157.4
1968-01-18,5.8,22987.0,2.7,442.0,,1.04,23,85.0,-12,148.5
1968-01-19,6.7,83321.0,3.8,478.0,,1.79,27,82.0,-10,141.6
1968-01-20,7.5,126827.0,3.8,560.0,,2.37,27,78.0,-13,137.3
1968-01-21,6.4,91888.0,2.5,531.0,,1.43,20,78.0,-15,132.5
1968-01-22,5.9,116405.0,2.6,546.0,,1.53,23,98.0,-6,135.7
1968-01-23,6.0,104546.0,2.2,534.0,,1.28,23,106.0,-6,137.9
1968-01-24,4.7,112472.0,1.8,543.0,,1.08,23,132.0,-5,148.6
1968-01-25,5.7,54356.0,2.8,455.0,,1.15,13,127.0,-5,160.1
1968-01-26,7.9,78267.0,5.5,429.0,,2.22,27,123.0,-6,174.0
1968-01-27,7.4,67823.0,7.2,421.0,,2.51,20,125.0,-12,185.0
1968-01-28,5.7,79504.0,3.5,409.0,,1.14,23,198.0,-24,213.0
1968-01-29,5.5,46635.0,6.2,381.0,,1.78,27,248.0,-27,220.7
1968-01-30,5.8,48738.0,6.0,394.0,,1.88,23,262.0,-22,229.1
1968-01-31,7.1,72799.0,6.6,382.0,,1.96,20,296.0,-10,239.1
1968-02-01,9.6,140929.0,4.9,415.0,,1.55,23,295.0,-6,254.1
1968-02-02,7.0,157747.0,1.3,569.0,,0.86,33,299.0,-20,253.0
1968-02-03,5.4,76478.0,1.9,498.0,,0.95,30,282.0,-32,244.3
1968-02-04,7.7,144045.0,2.2,533.0,,1.25,30,241.0,-39,220.3
1968-02-05,5.1,151242.0,0.9,578.0,,0.61,17,194.0,-22,191.4
1968-02-06,4.7,60467.0,1.1,454.0,,0.47,3,161.0,-20,172.2
1968-02-07,7.1,44407.0,3.1,391.0,,1.02,10,122.0,-6,164.2
1968-02-08,6.4,94463.0,3.4,499.0,,1.79,30,137.0,-18,151.5
1968-02-09,6.3,83603.0,1.4,441.0,,0.45,33,135.0,-39,151.7
1968-02-10,8.3,80394.0,7.8,401.0,,2.84,40,130.0,-38,155.7
1968-02-11,11.8,69638.0,9.5,414.0,,3.45,50,126.0,-93,155.7
1968-02-12,6.3,55317.0,5.1,404.0,,1.68,27,108.0,-51,159.1
1968-02-13,9.5,94054.0,6.2,468.0,,2.69,27,95.0,-31,149.1
1968-02-14,10.7,66540.0,7.9,419.0,,2.77,13,98.0,-12,145.7
1968-02-15,9.2,228750.0,6.4,558.0,,3.58,33,123.0,-21,141.8
1968-02-16,4.6,159770.0,2.6,572.0,,1.74,30,120.0,-24,142.5
1968-02-17,6.7,166561.0,4.7,548.0,,2.89,33,133.0,-20,138.6
1968-02-18,8.3,206390.0,3.6,614.0,,2.7,37,110.0,-35,135.2
1968-02-19,5.4,362069.0,1.4,658.0,,1.24,20,92.0,-30,137.5
1968-02-20,5.9,359146.0,1.8,617.0,,1.46,40,102.0,-33,138.6
1968-02-21,5.2,100102.0,1.2,651.0,,1.05,37,112.0,-35,148.5
1968-02-22,4.6,119829.0,1.9,566.0,,1.18,23,116.0,-20,151.8
1968-02-23,4.4,81869.0,2.5,488.0,,1.21,13,132.0,-14,156.5
1968-02-24,4.5,55708.0,2.9,401.0,,0.94,17,169.0,-14,164.6
1968-02-25,5.1,47225.0,4.1,349.0,,1.0,10,228.0,-10,177.4
1968-02-26,4.6,42766.0,6.9,329.0,,1.46,10,212.0,-4,183.9
1968-02-27,4.6,65103.0,17.3,302.0,,3.18,17,178.0,-4,175.7
1968-02-28,13.7,79849.0,22.2,336.0,,5.04,40,176.0,-36,170.7
1968-02-29,8.2,131597.0,4.6,431.0,,1.55,30,170.0,-52,167.4
1968-03-01,5.9,68521.0,2.6,453.0,,1.06,20,153.0,-35,162.8
