Cycle,Odd-Even,Variable,Mean,Median,Std,Min,Max,Shannon Entropy,Sample Entropy,Permutation Entropy,Spectral Entropy,Approximate Entropy,Higuchi Fractal Dimension,Katz Fractal Dimension,Petrosian Fractal Dimension,Lempel-Ziv complexity,Hurts exponent
20u,Even,"Scalar B, nT",5.756580128205128,5.3,2.1823604731926465,1.5,24.2,2.8934106972096547,1.6504227159526257,0.987590243146289,0.9565778512146299,1.5701937264382657,1.9226019889066666,2.7948669700648745,1.0298822116519841,308,0.5684442288052073
20d,Even,"Scalar B, nT",6.223769414984606,5.7,2.383228470665379,1.9,28.5,3.153525181187138,1.6461531725994996,0.9764038318357605,0.9548136978933258,1.729541351726601,1.90092558761373,3.1508476215934396,1.0247148128177876,693,0.5617891174898845
21u,odd,"Scalar B, nT",6.585671252715425,6.177000000000005,2.454076267779547,2.1,23.9,2.9176729886243358,1.7368751260668758,0.9831395034147837,0.9638821054121048,1.608267735359819,1.9253483741686372,3.087365428309261,1.0283641934488283,361,0.5377998993065449
21d,odd,"Scalar B, nT",7.322737032569361,6.856,2.648781042075264,2.1,26.4,3.0897262821103366,1.7369485782804146,0.9815431984798499,0.9648794067941533,1.737575782919782,1.9266984930404316,3.307754115378929,1.0259743314464902,638,0.6166675080616444
22u,Even,"Scalar B, nT",7.087857269503546,6.6,2.4901028768298796,2.2,24.0,2.7541689625115255,1.7604540363090935,0.9829552030097494,0.9530088571095854,1.6071355595247248,1.9167681810384123,3.048556205375103,1.0290119498595562,306,0.6269622938614668
22d,Even,"Scalar B, nT",7.247015004055149,6.715,3.0508705216272647,2.3,34.6,3.094587423038828,1.4338696989789017,0.9827627823919742,0.9623463441379692,1.586395761861973,1.8925317279830924,2.9603175268922013,1.0261017462826392,626,0.6005649460209812
23u,odd,"Scalar B, nT",6.536546117769672,5.9,2.720001224052485,1.7,32.3,3.0112817227112734,1.6184168732530426,0.9760024043250994,0.9590849927616861,1.642025923855762,1.9298231906533287,2.923808740224245,1.025856695315766,495,0.5376763669099061
23d,odd,"Scalar B, nT",6.017387944358578,5.5,2.8365400794190627,1.3,33.4,2.9873177193225966,1.4383927437080803,0.9594896675850071,0.9434812179418571,1.6042313063077374,1.9155044448969398,3.136606634884239,1.0232695614360872,643,0.5948180892906016
24u,Even,"Scalar B, nT",4.961909650924024,4.5,2.089715282530956,1.6,20.2,2.925085977165257,1.5753509677318032,0.9715656474611211,0.947396074292736,1.617582897362004,1.927431575634941,3.1114860949457475,1.0252796167570517,449,0.5716522863982466
24d,Even,"Scalar B, nT",5.561419604056012,5.1,2.272389134784363,1.8,21.8,2.9229653265932467,1.6001136814091956,0.967450130679768,0.9471376187062653,1.6416076454976043,1.921717664402158,3.289500909786942,1.0248259828711217,493,0.5103134725890615
25u,odd,"Scalar B, nT",5.70271363893605,5.2,2.4422439101350837,1.7,26.0,2.9578064809909193,1.6089185422767658,0.982689726423715,0.9552378615559669,1.6075943383511566,1.9374303632888406,2.8814224121320327,1.0271682043882737,429,0.5343400194863921
20u,Even,"SW Plasma Temperature, K",84371.81764423077,74983.685,46678.814202406094,14792.0,408382.0,2.7575839325156783,1.622323971895795,0.9819003212451539,0.9417291146198074,1.5544036569795994,1.8809763806933262,3.2263585710200227,1.0285987489749033,1241,0.6214133292930375
20d,Even,"SW Plasma Temperature, K",125387.50716045161,94838.51,89908.32166693108,9500.0,798873.0,2.913926408712548,1.2900031601444308,0.9705103437108379,0.9051090026671041,1.5665206849199147,1.8106458628272946,3.049610482419495,1.0242835420072007,2889,0.5913810023044489
21u,odd,"SW Plasma Temperature, K",109834.48123099202,87234.0,79111.03958600188,15777.0,985748.0,2.695098638684995,1.3493769294491762,0.9736915158388852,0.9180759143278033,1.4945627336978116,1.8281626789254335,2.6190629765373235,1.027634112819559,1376,0.6825569660598106
21d,odd,"SW Plasma Temperature, K",118817.94963811821,106586.0,71353.26376019097,15810.0,501083.0,2.885466611557739,1.5584030048530346,0.9765091654305406,0.9212886224850633,1.6924354060039501,1.8346028618207992,3.5163818092349985,1.0255830979770026,2473,0.7075649954335376
22u,Even,"SW Plasma Temperature, K",115251.69726950354,104698.41,75197.82644811239,13109.0,911684.0,2.768330387370546,1.5313227965188745,0.9871014833307977,0.9235752717503589,1.4997533982601698,1.854022775190479,2.520967845078835,1.0301482849155816,1127,0.6676305293710841
22d,Even,"SW Plasma Temperature, K",120724.62486212491,99747.05,99406.5296634125,9629.0,2663920.0,2.9631212223995798,1.1988673120684454,0.9703590345022777,0.9564593193083171,1.4665940217290108,1.8195924269365766,2.034718158451206,1.0249508409571813,2454,0.6169398627261541
23u,odd,"SW Plasma Temperature, K",92529.54181865555,73649.0,68585.0200715157,10168.0,670232.0,2.8850683794769916,1.4161534721948008,0.9697548001820767,0.9458779159547848,1.5440732271626025,1.8854980018745104,3.1302992107823164,1.0255686766094563,1903,0.652669855504593
23d,odd,"SW Plasma Temperature, K",113390.91367078824,92786.0,85412.53257321683,7705.0,1488626.0,2.845634715106643,1.2581943353540677,0.9389821266418351,0.9154496756213493,1.5210759824420998,1.8600598386612968,2.380686261704289,1.022111885788794,2577,0.6076216575418786
24u,Even,"SW Plasma Temperature, K",74037.87782340862,56622.5,59752.954524786066,10256.0,748451.0,2.819356771290625,1.2369274226254836,0.9622263913298849,0.934200515189677,1.4708865989698165,1.8624866364064492,2.570161799088108,1.0248298823739517,1934,0.6285171489259384
24d,Even,"SW Plasma Temperature, K",88930.5050700145,69393.0,65372.53689355622,10064.0,757640.0,2.8079997190584884,1.2935478335402903,0.9492292460234628,0.9024663266819145,1.5226401506061018,1.827084209630004,2.8105883662840987,1.023896339061454,2061,0.6363282936756255
25u,odd,"SW Plasma Temperature, K",85969.11488398415,66405.0,69999.88508311097,10386.0,1136799.0,2.798714895395978,1.2152387660736679,0.9678745852134529,0.9472115851826589,1.4509174795645907,1.8693582330026355,2.3296516352489247,1.0258532003386271,1752,0.5945601707324875
20u,Even,"SW Proton Density, N/cm^3",6.3099687499999995,5.8,3.2392702681179273,0.6,29.0,2.7196233212236702,1.7715060661106716,0.9889987387347062,0.9536597301926252,1.6302406923940307,1.9047271836105966,3.1418910178305177,1.0298822116519841,372,0.6339231176459562
20d,Even,"SW Proton Density, N/cm^3",6.914282244269586,6.0,4.192537511149027,0.6,42.5,2.9318327637788006,1.3831815015092213,0.9765375326642756,0.9341106320499449,1.647423992121745,1.8433875004415925,3.0258839803478166,1.0250709337838915,822,0.677920818162198
21u,odd,"SW Proton Density, N/cm^3",8.031170166545982,7.1,4.698623845325665,0.4,33.9,2.7661878153904174,1.6158775343462104,0.9738226962591505,0.9447342494150042,1.5857677485650612,1.861460912604419,3.3548734736095946,1.0272855354017718,451,0.5972761138956874
21d,odd,"SW Proton Density, N/cm^3",7.824529553679133,7.378999999999998,4.363566564076021,1.1,48.6,3.152196958778621,1.3510677746049424,0.9845410381605966,0.9527661167670177,1.6084991755493823,1.8642159710363122,2.9488600034768613,1.0262938089652611,722,0.6071475471158339
22u,Even,"SW Proton Density, N/cm^3",7.922560283687944,6.871499999999994,4.3611509429717135,1.3,38.5,2.8300384797637492,1.2897115695630466,0.984617093172506,0.9346400710701822,1.4591630751236924,1.8589028668152487,3.149299290211727,1.0292747189099902,349,0.6493120020063387
22d,Even,"SW Proton Density, N/cm^3",8.474641930251417,7.9265000000000025,4.7540335327335175,0.7,42.0,3.124216838358558,1.3237221859416526,0.9815966501113421,0.9419567209546059,1.5879452869932424,1.8418481126641464,3.352644995649782,1.0259941564103832,739,0.5983276804357367
23u,odd,"SW Proton Density, N/cm^3",6.8934825429911415,5.9,4.215463620102949,0.5,45.9,2.8442809972741676,1.5536222841336669,0.9749347081999458,0.9515678224266171,1.657640498699812,1.8762858876947095,2.8855228038443066,1.0258806772846238,581,0.6031725926866568
23d,odd,"SW Proton Density, N/cm^3",5.784009273570325,4.6,3.9292760073494133,0.1,42.3,2.9396401575586104,1.2602411734416838,0.9582933807224636,0.9106577416188506,1.5626779938517354,1.8671498183723287,2.986262891599579,1.0230282737777316,706,0.5377323283686806
24u,Even,"SW Proton Density, N/cm^3",5.546201232032854,4.8,3.3225986798317737,0.3,33.6,2.83883102008141,1.5966319584120898,0.9731674565575458,0.9371853103736765,1.6666886630116382,1.8829211162308528,3.0094270630357065,1.0256339209019723,542,0.5941428015923494
24d,Even,"SW Proton Density, N/cm^3",6.649876388218252,5.8,3.8739435827457895,0.4,31.8,2.869441401111042,1.5147663199229515,0.9693831609331938,0.9247089289770185,1.6550292605832704,1.8656655566346907,3.3558267455769535,1.0251348449693387,609,0.5723813987571759
25u,odd,"SW Proton Density, N/cm^3",6.312959818902094,5.3,3.8233378552894335,0.3,36.6,2.8080243394163604,1.5067101611983837,0.9797421299243312,0.9358577530670931,1.6298372512582615,1.8548873519187716,3.284898974891384,1.0271157746954007,523,0.5891380285113442
20u,Even,"SW Plasma Speed, km/s",424.585016025641,410.0,76.96351594233882,262.0,750.0,2.7632460277479765,1.6533760008902227,0.9691170841644134,0.8940777123516025,1.5961175643806262,1.7859545583624608,3.890384034366943,1.0266783058499203,729,0.7231907248494573
20d,Even,"SW Plasma Speed, km/s",456.2590933971947,430.9,105.58914653220546,193.0,923.0,2.9453654235039304,1.4023964176056853,0.9390572244823535,0.8212268378744,1.5713653099236708,1.7066963198530478,3.7227884283954076,1.0209922206361477,1599,0.6644738161270551
21u,odd,"SW Plasma Speed, km/s",424.9832874728458,404.0,88.14019778325692,263.0,916.0,2.7805022508240147,1.332615895020504,0.9252298179795504,0.8257911686521197,1.4301996588101722,1.695219897604411,3.5529415838685536,1.0224845362775767,807,0.7811045426170844
21d,odd,"SW Plasma Speed, km/s",444.899927623643,436.0,89.71145153097928,260.0,835.0,3.0550252547371253,1.532663874049132,0.9501384154108143,0.8451176166795449,1.6051581506750514,1.7215543524765027,3.3759236368642767,1.022531232484914,1370,0.7827694809673873
22u,Even,"SW Plasma Speed, km/s",435.4382092198582,428.0,80.87602902243106,279.0,894.0,2.911630433032283,1.4368705058206108,0.9616584340894482,0.8442845223682799,1.435103943966745,1.751011378364617,3.020236867022742,1.0260998500260112,671,0.7940097405220574
22d,Even,"SW Plasma Speed, km/s",446.7902392538524,425.0,96.41835306544851,266.0,889.0,3.0533196067984383,1.3618654362269516,0.9487547253008176,0.8266978787774745,1.5129652779403364,1.6931467827948536,3.574052619882353,1.022535607350977,1354,0.7474404153950662
23u,odd,"SW Plasma Speed, km/s",421.7920583637311,406.0,84.25402359814194,278.0,829.0,2.9478454712493147,1.4450835196063754,0.9258689117199258,0.8388650886740022,1.4939558221638354,1.7219567592398126,3.892246790825729,1.021539058942981,1073,0.7701937524493517
23d,odd,"SW Plasma Speed, km/s",461.44526275115913,440.5,112.00347467538158,257.0,1003.0,2.8945729282192536,1.2668509327490898,0.890005239420764,0.7796274371838451,1.4362824405643613,1.7054881202503032,3.1469379708793324,1.0181330970291922,1443,0.732606800738643
24u,Even,"SW Plasma Speed, km/s",398.5441478439425,381.0,82.34331653984063,256.0,744.0,2.9462475055993576,1.2904679285887808,0.9189081341740927,0.8092459024655612,1.3979428932221776,1.6898482316189631,3.222459336180466,1.0208545710165766,1086,0.7820548201092872
24d,Even,"SW Plasma Speed, km/s",425.98599710284884,405.0,90.49172859394811,265.0,741.0,2.894714061260143,1.295556888702019,0.9129168961206745,0.7888562024193359,1.450563643970344,1.6844513766928528,3.845394753658331,1.0201082555595502,1161,0.7295135279387672
25u,odd,"SW Plasma Speed, km/s",409.4725523486135,393.0,82.60264700742012,275.0,882.0,2.815632887782802,1.3200859886003302,0.9219900644807719,0.8224846177966775,1.4390637899666308,1.6964866185918073,2.9224693199103493,1.0214221724004096,989,0.783537248928485
20u,Even,Alpha/Prot. ratio,0.0,0.0,0.0,0.0,0.0,0.0,0.0,-0.0,-0.0,0.0,,,1.0,2,
20d,Even,Alpha/Prot. ratio,0.04092067738624697,0.0403899999999999,0.011527053903029995,0.007,0.17,3.4083717534528,1.418490925933367,0.9911812311080725,0.9511781748880597,1.6339171432908324,1.8720553810593727,2.833731757405136,1.0269582650236193,2,0.6635450881850253
21u,odd,Alpha/Prot. ratio,0.04418669080376536,0.0431599999999999,0.018453706025356263,0.004,0.211,2.9279997157574265,1.748642935067249,0.9919511910271481,0.9495474239631223,1.6320578912299162,1.8785131473473473,2.7599589797655946,1.0301264735076396,2,0.6213601049142526
21d,odd,Alpha/Prot. ratio,0.05378324889425006,0.05334,0.018655644837196242,0.004,0.193,3.172319580214317,1.5229455322658163,0.9931660805474471,0.9682512973896253,1.6182686555046422,1.8881953066864852,3.386317373365772,1.0280058945809483,2,0.6612067712716478
22u,Even,Alpha/Prot. ratio,0.0531305319148936,0.0514949999999999,0.024573830864092924,0.005,0.221,2.929431788255711,1.5643962063843635,0.9933558750188327,0.9673556648679006,1.5333664617928209,1.915004104411384,2.9518353197045912,1.0313653081290965,2,0.5816255298261545
22d,Even,Alpha/Prot. ratio,0.05024545012165449,0.04931999999999995,0.025737598446105407,0.003,0.261,3.132997374286005,1.3285265775809547,0.991325163875109,0.9701822444905969,1.46693222050934,1.8906852624428463,3.4335999610980323,1.0276014019334352,2,0.6365207346319127
23u,odd,Alpha/Prot. ratio,0.03736569567483064,0.037,0.01765652085490882,0.004,0.146,2.9141884326168475,1.7246015061385962,0.987936160567608,0.9373550253042369,1.6495092677948122,1.8810997530157358,3.274246585225664,1.0278133029861825,2,0.7052867801648134
23d,odd,Alpha/Prot. ratio,0.03680808732612055,0.038,0.01653794506094731,0.003,0.147,2.9683963810134295,1.5848179350460398,0.9791325230732507,0.9033316390523521,1.6513491409156051,1.822365337685964,3.1138106374869117,1.0254097315480928,2,0.6684769871571712
24u,Even,Alpha/Prot. ratio,0.030873891170431215,0.029,0.016239724619872414,0.003,0.123,2.7845043817009003,1.5484427678937898,0.9844135646574911,0.91081432960351,1.598929875436045,1.8175906392624557,3.0734976572330455,1.0271382629663486,2,0.721730396964124
24d,Even,Alpha/Prot. ratio,0.0331764751327861,0.033,0.016297398797639726,0.003,0.118,2.7680418964677367,1.5425670576585466,0.9864583592049907,0.9074138800469592,1.6425689155165544,1.8385918065041182,3.807098639774063,1.0272610230198416,2,0.7297205944475932
25u,odd,Alpha/Prot. ratio,0.0325479117147708,0.031,0.016614644071374966,0.003,0.125,2.7786186356497127,1.6306390823920751,0.9900362143168128,0.9335123231511707,1.6186603340475418,1.8512062092700305,3.1319756798396754,1.0287085656657364,2,0.7136382563030399
20u,Even,Flow pressure,2.13622203525641,2.01,1.0294890142572517,0.12,13.71,2.9169863915801235,1.532451347542533,0.9929447713519506,0.9571810349330612,1.5428036407546566,1.9461706017442197,2.6305052606280053,1.0309650688628658,199,0.6057979826297801
20d,Even,Flow pressure,2.5577671228190217,2.437800000000001,1.2863519058130284,0.24,23.04,3.2882305498775395,1.347159690371642,0.985873736403462,0.9684739943607639,1.64396820600636,1.9108681124359987,2.486003153340616,1.02604659360305,469,0.6574402699585279
21u,odd,Flow pressure,2.59575018102824,2.34,1.4857185436079807,0.11,23.16,2.916343684247011,1.566361795757037,0.9876779344013292,0.9788714143668078,1.5460902124192732,1.9266644131045811,2.4529084903830003,1.0291608249663213,261,0.5189917873631815
21d,odd,Flow pressure,2.920382066747085,2.62,1.6019264498610262,0.39,26.86,3.148373262053321,1.487741362994959,0.9842650206481065,0.9806168502179182,1.6053229760888348,1.9258890587422561,2.5029556472291334,1.0264001774015394,467,0.6107998239829062
22u,Even,Flow pressure,2.8119546099290784,2.589500000000001,1.4165059872712085,0.67,16.87,2.8469563564674765,1.5338471666346143,0.984921319421437,0.9406404600925458,1.5019743386764,1.920282512847118,2.7430306307522123,1.0294497184921734,231,0.6810609644197244
22d,Even,Flow pressure,3.114841605839416,2.66,1.7727747411914994,0.28,19.9,3.1683192483363927,1.3878832808727144,0.9877454650275751,0.9647693373658539,1.5458981758620132,1.9016218625818573,2.994128468891141,1.0270672187914913,482,0.6609552960847008
23u,odd,Flow pressure,2.1960018238665975,1.91,1.292029047286525,0.12,15.92,3.0316277005076295,1.6139694691144537,0.9850365504749112,0.968135711175764,1.639390422219484,1.9331935839274614,2.845389592067206,1.0278133029861825,338,0.5984046418187307
23d,odd,Flow pressure,2.1382083075734157,1.815,1.3846081840716868,0.14,16.63,3.037090273753249,1.3672009209953035,0.962114171534024,0.9620280700972574,1.5542906699582177,1.9138914374868792,2.7715216070952584,1.0235621198155418,433,0.6001907001177037
24u,Even,Flow pressure,1.5383316221765915,1.335,0.870314655911196,0.15,7.48,2.9593913458929535,1.6289268741361418,0.9839368064110854,0.956401844391619,1.6195053082719744,1.946904484837657,3.2460721383744318,1.0270914312870971,284,0.5661343048168954
24d,Even,Flow pressure,2.0853893288266536,1.83,1.0801415829082857,0.24,11.09,2.9708432706913372,1.6476899493361283,0.9775090546281193,0.9462282646460586,1.6749276847989671,1.9226313913122435,3.068413910910218,1.026102268336224,332,0.537680854984512
25u,odd,Flow pressure,1.858019750990379,1.58,1.1867932828070382,0.12,21.23,2.9615734787959735,1.4626644676576928,0.984586770678796,0.9627206402151567,1.5372066348608309,1.9187048980944905,2.356992204171658,1.0276394371423212,270,0.6077750855213588
20u,Even,Kp index,18.026442307692307,17.0,10.348309618085514,0.0,63.0,2.449865575420572,2.0460539038862784,0.9800824642426273,0.9440345602370096,1.6467965454494662,1.8897497327235275,4.197344687347712,1.0292220187231205,382,0.6578167968786534
20d,Even,Kp index,22.997605200136846,23.0,11.510477672447514,0.0,77.0,2.6024395887225014,2.1548231208430932,0.9719319828012736,0.9109441700704096,1.9241059076222582,1.8160210794528846,4.024916976763342,1.0248632835836888,831,0.6524351316574694
21u,odd,Kp index,23.29109341057205,23.0,11.067545597047134,3.0,70.0,2.55240331726589,2.171779417557408,0.9795049559818134,0.9095353550760147,1.6735686082897807,1.838277885814205,4.696288327002446,1.0282253315076828,423,0.7186608086942048
21d,odd,Kp index,25.742661841576197,23.0,11.35114412205083,3.0,77.0,2.596419105708662,2.167154131796859,0.9743220966800413,0.9209463966124487,1.8740965871679567,1.8427997532517761,3.7764139269460038,1.0257966020449445,720,0.7088326565482178
22u,Even,Kp index,23.141843971631207,23.0,11.018469006215867,3.0,80.0,2.529684462689042,2.150833934414078,0.9765608222378624,0.9136765405546451,1.6039719269401793,1.8678886821142913,3.3852602970882915,1.029318482273247,348,0.7612692847884278
22d,Even,Kp index,25.214517437145176,23.0,12.131087924399578,3.0,77.0,2.647239789797501,2.141238697476248,0.9779728671124187,0.8891909804507351,1.8336513012636741,1.7960686575865992,3.9166499243067014,1.0265314739825369,709,0.7402067252076051
23u,odd,Kp index,20.556539864512768,20.0,11.054364083438164,0.0,77.0,2.5396591140261577,2.138875533098079,0.9729343480909997,0.9344891228932408,1.8066660214327976,1.8788874352455007,4.178553130992396,1.0262879110473206,566,0.7189679131829412
23d,odd,Kp index,20.421174652241113,20.0,12.13652716803482,0.0,77.0,2.622179785523187,2.0232539872260404,0.966094560615534,0.890359726597894,1.826676074001547,1.8460733212356712,4.478585912869545,1.024231495123775,738,0.6719469553927557
24u,Even,Kp index,13.577515400410677,13.0,9.436003327434006,0.0,57.0,2.3221799985643807,1.8397135545001166,0.9613361610617374,0.9269259220631435,1.7392738683015372,1.8688596964749886,3.509969007257197,1.0258226139156819,517,0.6980573378157897
24d,Even,Kp index,17.48961854176726,17.0,10.295337502911877,0.0,60.0,2.4461912697259516,1.9284559245795516,0.9646545456991528,0.8915060354400242,1.778901078987567,1.8219132065475765,3.877044888907895,1.0255532056888372,570,0.6770879351116862
25u,odd,Kp index,16.604980192416527,17.0,9.834942333279232,0.0,83.0,2.401152339409053,1.985088932455509,0.9778520328689266,0.9336907974402139,1.7557354560968594,1.877188734123056,3.1560502103532935,1.0281095325813008,497,0.6841301316045374
20u,Even,R (Sunspot),73.95272435897436,59.0,62.54659985769622,0.0,299.0,2.503518448296332,0.5425951752251288,0.9273511801706867,0.6524897596615835,0.7822875182946487,1.448698695075928,2.2279774295106356,1.0225021641966423,597,1.064801044929974
20d,Even,R (Sunspot),92.42798494697229,89.0,61.867789725239305,0.0,304.0,2.822009685560717,0.6774261708022132,0.8858917904428681,0.6726544329932739,0.8623246081216811,1.3922713104852618,3.0859859185456315,1.0169562514382795,1303,0.9303469550206704
21u,odd,R (Sunspot),104.48950036205648,75.0,90.20102789412091,0.0,428.0,2.353058875101191,0.339673724722646,0.8973211643739774,0.6511845784486191,0.5563879678001129,1.4692915651890535,2.002068921433333,1.0198234733173221,673,1.102305331373961
21d,odd,R (Sunspot),113.8206674708484,102.0,92.17573900707933,0.0,370.0,2.5439361776869704,0.30513649669079773,0.9216387666831172,0.6771502351519333,0.672428924782154,1.4331894406182017,2.4112220295204136,1.0201072302857337,1198,1.025573641919372
22u,Even,R (Sunspot),108.87234042553192,90.0,87.15130606135453,0.0,384.0,2.3750761660518536,0.3933064108625268,0.9119517990966519,0.668614543673555,0.6591331583533435,1.479902060794733,2.086415309670654,1.021518881979391,622,1.1286146384275908
22d,Even,R (Sunspot),106.3353609083536,87.5,86.60486768130804,0.0,410.0,2.63683152470512,0.4041147759778159,0.9271185395674656,0.6594445605112156,0.6769548977079398,1.4106682797191599,2.774519622463925,1.0204579934390066,1216,0.9649521216724795
23u,odd,R (Sunspot),108.65919749869724,106.0,75.35016315973179,0.0,353.0,2.6395707764173255,0.564167799303485,0.9184789748703991,0.6795356142722329,0.7924734653249108,1.4676173494578293,2.360510050278197,1.0202836448017456,977,1.068027483810535
23d,odd,R (Sunspot),63.2113601236476,43.0,64.02133325476116,0.0,310.0,2.5990509368904133,0.3751409136223045,0.8773842048996262,0.6837775478448666,0.7027085546950684,1.4359613507283513,2.7315510280583233,1.0180976446609769,1070,0.9977418238621726
24u,Even,R (Sunspot),60.27874743326489,53.0,49.076785638632714,0.0,220.0,2.4595720940948738,0.49133915397559474,0.8944204956584305,0.6979554162583272,0.9001593044621856,1.5185197064377989,2.3752556541078573,1.0195431375156327,825,1.0581611774665054
24d,Even,R (Sunspot),39.3549010140029,25.0,42.87509185215556,0.0,199.0,2.3694884482772514,0.3938751134534849,0.8413784458646192,0.7042181277150285,0.847159038288805,1.4626634230915871,2.9073324354488634,1.0166571236796311,763,0.9745170325694672
25u,odd,R (Sunspot),75.00339558573855,66.0,64.57051234380256,0.0,290.0,2.323387462572025,0.36773962429860846,0.8729867549509209,0.6940133491368733,0.723162028698594,1.453241270058153,2.190319173886923,1.0179892952117442,803,1.0484210279843096
20u,Even,Dst-index,-6.8485576923076925,-3.0,18.415292479788523,-240.0,22.0,2.8785803332385616,1.1967540334811682,0.9374606512717977,0.886587883444835,1.2947549417150168,1.7875432470159631,2.162232994265938,1.026086850500808,559,0.8399016032473611
20d,Even,Dst-index,-13.894286691755045,-11.0,17.78907460841057,-163.0,23.0,3.0914477121479536,1.3159952915116502,0.9357546825865661,0.8625850169108805,1.464567601990376,1.7202914209541855,2.977286394574929,1.0233879037946687,1212,0.8477598791933089
21u,odd,Dst-index,-17.69152787834902,-14.0,19.74347426359478,-142.0,23.0,2.910434377968728,1.3962908224878257,0.9354749744230784,0.8523234343322313,1.4083766479299262,1.735805533220171,2.92152186129882,1.025428047603063,642,0.8436959303454216
21d,odd,Dst-index,-17.885806192199436,-14.0,22.30363106203385,-210.0,31.0,3.076846157454192,1.2292289899425237,0.9369744108324245,0.8718669993665177,1.4272169928571112,1.7426668391223696,2.635630852243735,1.0236502140207886,1109,0.8535817276417359
22u,Even,Dst-index,-19.4468085106383,-15.0,22.900982967140482,-225.0,19.0,2.774381686925575,1.1287727211281875,0.9348495866705518,0.8512914108613947,1.2492498947198571,1.74567999021723,2.312886826915393,1.0261442724133147,542,0.8852322073489715
22d,Even,Dst-index,-20.359286293592863,-16.0,23.57438421708093,-223.0,26.0,3.0793256169211944,1.189693565511672,0.9261660650435151,0.8581756952129355,1.41140826249144,1.7110180398546957,2.692162621572966,1.0228826120559356,1095,0.8662367828072413
23u,odd,Dst-index,-15.629494528400208,-12.0,20.920520565084544,-211.0,25.0,3.0469933809439342,1.201735100916667,0.9377495256897642,0.8892069237585577,1.3559178472640054,1.7897470883492546,2.62472526331243,1.0242671846907614,849,0.8681840553891746
23d,odd,Dst-index,-14.675425038639876,-11.0,19.553217570736464,-221.0,34.0,3.098325869790871,1.185488400502143,0.9107514718133614,0.8658231750452804,1.385625328898842,1.7525572693530334,2.8687477521900493,1.021886396148137,1076,0.8554902588829405
24u,Even,Dst-index,-8.984086242299794,-7.0,13.593377845475986,-98.0,19.0,3.02702597824623,1.3785984536787117,0.9358164123412401,0.8835209873318964,1.4584866539643482,1.7869809946002722,2.914213243330481,1.0248298823739517,795,0.8394447263181872
24d,Even,Dst-index,-12.321583775953645,-10.0,14.615586696923012,-127.0,21.0,3.002154702837667,1.4588722602235566,0.9389794892633142,0.8625638569398009,1.5002952408522603,1.7343226278468324,2.7139211849563454,1.0242510319374016,848,0.837782086018321
25u,odd,Dst-index,-9.104697226938313,-6.0,15.975236197989359,-287.0,43.0,2.9699743875794793,1.2162446043934416,0.948573774376863,0.8898873807788468,1.357615679277878,1.7755693723077053,2.1387437607507733,1.0257476142465798,736,0.7399753360026026
20u,Even,f10.7_index,107.99942628205129,99.1,36.05030252555193,68.1,254.1,2.3262673479887983,0.13825673968208216,0.908152803901477,0.5726280796138123,0.37892028679997214,1.3105954088544374,1.7823823846165894,1.0205645034837643,546,1.1700176513191254
20d,Even,f10.7_index,116.7835237769415,114.0,34.471415074769546,67.1,246.6,2.7761543407220586,0.3544777578535076,0.8703590314559034,0.6144726332838234,0.5324565670033543,1.286369971552607,2.4829725562467995,1.0159285836797631,1187,1.0338784486329327
21u,odd,f10.7_index,125.17146994931208,109.6,51.248467887427594,67.4,367.0,2.1570451067345724,0.13103596659632782,0.911481849120785,0.5909065289156348,0.3187002984298313,1.3090235310118523,1.647618478604719,1.0205100899210735,630,1.1951302932403998
21d,odd,f10.7_index,137.70585645355848,133.6,58.66237866748582,65.8,302.9,2.4286100126068764,0.1616946703123291,0.8790979278684946,0.5977369022681348,0.3832366542441106,1.2802023876640705,2.205168714431375,1.0167924383259754,1080,1.131753539653682
22u,Even,f10.7_index,137.05744680851063,116.45,58.70586085637471,67.4,334.7,2.2753752823123663,0.17771863711216798,0.9195395084899517,0.568245826663815,0.3689322979828278,1.3390554150077847,1.7537470838078235,1.0217911331118108,561,1.2185715330646083
22d,Even,f10.7_index,133.06722222222223,117.7,59.30252143089494,65.7,359.2,2.4841683344963728,0.14821518852183135,0.9028946144187696,0.5867926032565328,0.3941345051555514,1.305621291505077,2.33996709461955,1.0183935996189257,1080,1.036576853392924
23u,odd,f10.7_index,134.91391349661282,134.6,48.32564770950397,66.4,325.1,2.579626004389965,0.2822142525820745,0.912174134311595,0.6185640990486895,0.4983599808441532,1.339133339098059,1.9712288215021294,1.0196651818270035,886,1.1303841299317154
23d,odd,f10.7_index,107.12213910355487,89.95,43.71983571527009,65.1,275.4,2.6781287610940687,0.14311470190813583,0.9167859504350384,0.5877761086748184,0.3645787508867362,1.3050913796544035,2.0231783878553697,1.0192286362758574,1017,1.09824329229926
24u,Even,f10.7_index,103.31552669404518,100.2,29.462174328119946,65.5,253.3,2.519984986291857,0.22814262605447008,0.9186587836919565,0.5862160966153317,0.473536845393693,1.3748186198615717,1.8618331494671625,1.0201028295221544,767,1.1638236507004536
24d,Even,f10.7_index,92.60356639304683,78.5,29.678548451543886,63.4,255.0,2.5225656266734546,0.10500115739937639,0.9502654040875157,0.6479074622264545,0.3852381682051442,1.3412330001488373,2.1479023748500348,1.022649602758084,745,1.0238404037694804
25u,odd,f10.7_index,121.39627108092813,113.6,48.91420656669543,66.8,412.9,2.2711810077809647,0.15127891494395354,0.9410309270177645,0.7238368706109988,0.41054824499577514,1.4291034201965085,1.7831704181791328,1.022311187613554,768,1.0240171506294997
